batsmen,wicket,runs_scored,balls_faced,minutes_played,fours,sixes,strike_rate,country,match_name,scorecard_id
Rohit Sharma,c Head b Maxwell,47,31,44,4,3,151.61,India,1st-Final,1384439
Shubman Gill,c Zampa b Starc,4,7,21,0,0,57.14,India,1st-Final,1384439
Virat Kohli,b Cummins,54,63,99,4,0,85.71,India,1st-Final,1384439
Shreyas Iyer,c Inglis b Cummins,4,3,3,1,0,133.33,India,1st-Final,1384439
KL Rahul,c Inglis b Starc,66,107,133,1,0,61.68,India,1st-Final,1384439
Ravindra Jadeja,c Inglis b Hazlewood,9,22,33,0,0,40.9,India,1st-Final,1384439
Suryakumar Yadav,c Inglis b Hazlewood,18,28,57,1,0,64.28,India,1st-Final,1384439
Mohammed Shami,c Inglis b Starc,6,10,9,1,0,60.0,India,1st-Final,1384439
Jasprit Bumrah,lbw b Zampa,1,3,5,0,0,33.33,India,1st-Final,1384439
Kuldeep Yadav,run out (Labuschagne/Cummins),10,18,28,0,0,55.55,India,1st-Final,1384439
Mohammed Siraj,not out,9,8,13,1,0,112.5,India,1st-Final,1384439
David Warner,c Kohli b Mohammed Shami,7,3,6,1,0,233.33,Australia,1st-Final,1384439
Travis Head,c Shubman Gill b Mohammed Siraj,137,120,166,15,4,114.16,Australia,1st-Final,1384439
Mitchell Marsh,c Rahul b Bumrah,15,15,15,1,1,100.0,Australia,1st-Final,1384439
Steven Smith,lbw b Bumrah,4,9,11,1,0,44.44,Australia,1st-Final,1384439
Marnus Labuschagne,not out,58,110,133,4,0,52.72,Australia,1st-Final,1384439
Glenn Maxwell,not out,2,1,1,0,0,200.0,Australia,1st-Final,1384439
batsmen,wicket,runs_scored,balls_faced,minutes_played,fours,sixes,strike_rate,country,match_name,scorecard_id
Quinton de Kock,c Cummins b Hazlewood,3,14,27,0,0,21.42,South Africa,2nd-Semi-Final,1384438
Temba Bavuma,c Inglis b Starc,0,4,5,0,0,0.0,South Africa,2nd-Semi-Final,1384438
Rassie van der Dussen,c Smith b Hazlewood,6,31,53,0,0,19.35,South Africa,2nd-Semi-Final,1384438
Aiden Markram,c Warner b Starc,10,20,24,2,0,50.0,South Africa,2nd-Semi-Final,1384438
Heinrich Klaasen,b Head,47,48,76,4,2,97.91,South Africa,2nd-Semi-Final,1384438
David Miller,c Head b Cummins,101,116,138,8,5,87.06,South Africa,2nd-Semi-Final,1384438
Marco Jansen,lbw b Head,0,1,1,0,0,0.0,South Africa,2nd-Semi-Final,1384438
Gerald Coetzee,c Inglis b Cummins,19,39,42,2,0,48.71,South Africa,2nd-Semi-Final,1384438
Keshav Maharaj,c Smith b Starc,4,8,13,0,0,50.0,South Africa,2nd-Semi-Final,1384438
Kagiso Rabada,c Maxwell b Cummins,10,12,18,0,1,83.33,South Africa,2nd-Semi-Final,1384438
Tabraiz Shamsi,not out,1,5,11,0,0,20.0,South Africa,2nd-Semi-Final,1384438
Travis Head,b Maharaj,62,48,62,9,2,129.16,Australia,2nd-Semi-Final,1384438
David Warner,b Markram,29,18,29,1,4,161.11,Australia,2nd-Semi-Final,1384438
Mitchell Marsh,c van der Dussen b Rabada,0,6,5,0,0,0.0,Australia,2nd-Semi-Final,1384438
Steven Smith,c de Kock b Coetzee,30,62,102,2,0,48.38,Australia,2nd-Semi-Final,1384438
Marnus Labuschagne,lbw b Shamsi,18,31,28,2,0,58.06,Australia,2nd-Semi-Final,1384438
Glenn Maxwell,b Shamsi,1,5,8,0,0,20.0,Australia,2nd-Semi-Final,1384438
Josh Inglis,b Coetzee,28,49,66,3,0,57.14,Australia,2nd-Semi-Final,1384438
Mitchell Starc,not out,16,38,61,2,0,42.1,Australia,2nd-Semi-Final,1384438
Pat Cummins,not out,14,29,32,2,0,48.27,Australia,2nd-Semi-Final,1384438
batsmen,wicket,runs_scored,balls_faced,minutes_played,fours,sixes,strike_rate,country,match_name,scorecard_id
Rohit Sharma,c Williamson b Southee,47,29,40,4,4,162.06,India,1st-Semi-Final,1384437
Shubman Gill,not out,80,66,116,8,3,121.21,India,1st-Semi-Final,1384437
Virat Kohli,c Conway b Southee,117,113,149,9,2,103.53,India,1st-Semi-Final,1384437
Shreyas Iyer,c Mitchell b Boult,105,70,114,4,8,150.0,India,1st-Semi-Final,1384437
KL Rahul,not out,39,20,29,5,2,195.0,India,1st-Semi-Final,1384437
Suryakumar Yadav,c Phillips b Southee,1,2,2,0,0,50.0,India,1st-Semi-Final,1384437
Devon Conway,c Rahul b Mohammed Shami,13,15,26,3,0,86.66,New Zealand,1st-Semi-Final,1384437
Rachin Ravindra,c Rahul b Mohammed Shami,13,22,39,3,0,59.09,New Zealand,1st-Semi-Final,1384437
Kane Williamson,c Yadav b Mohammed Shami,69,73,116,8,1,94.52,New Zealand,1st-Semi-Final,1384437
Daryl Mitchell,c Jadeja b Mohammed Shami,134,119,180,9,7,112.6,New Zealand,1st-Semi-Final,1384437
Tom Latham,lbw b Mohammed Shami,0,2,1,0,0,0.0,New Zealand,1st-Semi-Final,1384437
Glenn Phillips,c Jadeja b Bumrah,41,33,58,4,2,124.24,New Zealand,1st-Semi-Final,1384437
Mark Chapman,c Jadeja b Kuldeep Yadav,2,5,5,0,0,40.0,New Zealand,1st-Semi-Final,1384437
Mitchell Santner,c Sharma b Mohammed Siraj,9,10,20,0,0,90.0,New Zealand,1st-Semi-Final,1384437
Tim Southee,c Rahul b Mohammed Shami,9,10,14,1,0,90.0,New Zealand,1st-Semi-Final,1384437
Trent Boult,not out,2,2,5,0,0,100.0,New Zealand,1st-Semi-Final,1384437
Lockie Ferguson,c Rahul b Mohammed Shami,6,3,2,0,1,200.0,New Zealand,1st-Semi-Final,1384437
batsmen,wicket,runs_scored,balls_faced,minutes_played,fours,sixes,strike_rate,country,match_name,scorecard_id
Rohit Sharma,c Barresi b de Leede,61,54,74,8,2,112.96,India,45th-Match,1384436
Shubman Gill,c Nidamanuru b van Meekeren,51,32,49,3,4,159.37,India,45th-Match,1384436
Virat Kohli,b van der Merwe,51,56,69,5,1,91.07,India,45th-Match,1384436
Shreyas Iyer,not out,128,94,145,10,5,136.17,India,45th-Match,1384436
KL Rahul,c Engelbrecht b de Leede,102,64,98,11,4,159.37,India,45th-Match,1384436
Suryakumar Yadav,not out,2,1,1,0,0,200.0,India,45th-Match,1384436
Wesley Barresi,c Rahul b Mohammed Siraj,4,5,8,0,0,80.0,Netherlands,45th-Match,1384436
Max O'Dowd,b Jadeja,30,42,68,3,1,71.42,Netherlands,45th-Match,1384436
Colin Ackermann,lbw b Kuldeep Yadav,35,32,46,6,0,109.37,Netherlands,45th-Match,1384436
Sybrand Engelbrecht,b Mohammed Siraj,45,80,87,4,0,56.25,Netherlands,45th-Match,1384436
Scott Edwards,c Rahul b Kohli,17,30,27,1,0,56.66,Netherlands,45th-Match,1384436
Bas de Leede,b Bumrah,12,21,23,1,0,57.14,Netherlands,45th-Match,1384436
Teja Nidamanuru,c Mohammed Shami b Sharma,54,39,65,1,6,138.46,Netherlands,45th-Match,1384436
Logan van Beek,b Kuldeep Yadav,16,15,20,2,0,106.66,Netherlands,45th-Match,1384436
Roelof van der Merwe,c Mohammed Shami b Jadeja,16,8,5,1,2,200.0,Netherlands,45th-Match,1384436
Aryan Dutt,b Bumrah,5,11,9,0,0,45.45,Netherlands,45th-Match,1384436
Paul van Meekeren,not out,3,4,7,0,0,75.0,Netherlands,45th-Match,1384436
batsmen,wicket,runs_scored,balls_faced,minutes_played,fours,sixes,strike_rate,country,match_name,scorecard_id
Dawid Malan,c Mohammad Rizwan b Iftikhar Ahmed,31,39,61,5,0,79.48,England,44th-Match,1384435
Jonny Bairstow,c Agha Salman b Haris Rauf,59,61,81,7,1,96.72,England,44th-Match,1384435
Joe Root,c Shadab Khan b Shaheen Shah Afridi,60,72,115,4,0,83.33,England,44th-Match,1384435
Ben Stokes,b Shaheen Shah Afridi,84,76,85,11,2,110.52,England,44th-Match,1384435
Jos Buttler,run out (Haris Rauf),27,18,39,3,1,150.0,England,44th-Match,1384435
Harry Brook,c Shaheen Shah Afridi b Haris Rauf,30,17,24,2,2,176.47,England,44th-Match,1384435
Moeen Ali,b Haris Rauf,8,6,10,0,1,133.33,England,44th-Match,1384435
Chris Woakes,not out,4,4,19,1,0,100.0,England,44th-Match,1384435
David Willey,c Iftikhar Ahmed b Mohammad Wasim,15,5,5,2,1,300.0,England,44th-Match,1384435
Gus Atkinson,b Mohammad Wasim,0,1,1,0,0,0.0,England,44th-Match,1384435
Adil Rashid,not out,0,1,1,0,0,0.0,England,44th-Match,1384435
Abdullah Shafique,lbw b Willey,0,2,2,0,0,0.0,Pakistan,44th-Match,1384435
Fakhar Zaman,c Stokes b Willey,1,9,13,0,0,11.11,Pakistan,44th-Match,1384435
Babar Azam,c Rashid b Atkinson,38,45,58,6,0,84.44,Pakistan,44th-Match,1384435
Mohammad Rizwan,b Ali,36,51,78,2,0,70.58,Pakistan,44th-Match,1384435
Saud Shakeel,b Rashid,29,37,52,4,0,78.37,Pakistan,44th-Match,1384435
Agha Salman,c Stokes b Willey,51,45,53,6,1,113.33,Pakistan,44th-Match,1384435
Iftikhar Ahmed,c Malan b Ali,3,5,8,0,0,60.0,Pakistan,44th-Match,1384435
Shadab Khan,b Rashid,4,7,4,1,0,57.14,Pakistan,44th-Match,1384435
Shaheen Shah Afridi,lbw b Atkinson,25,23,23,3,1,108.69,Pakistan,44th-Match,1384435
Mohammad Wasim,not out,16,14,33,2,1,114.28,Pakistan,44th-Match,1384435
Haris Rauf,c Stokes b Woakes,35,23,27,3,3,152.17,Pakistan,44th-Match,1384435
batsmen,wicket,runs_scored,balls_faced,minutes_played,fours,sixes,strike_rate,country,match_name,scorecard_id
Tanzid Hasan,c & b Abbott,36,34,55,6,0,105.88,Bangladesh,43rd-Match,1384434
Litton Das,c Labuschagne b Zampa,36,45,76,5,0,80.0,Bangladesh,43rd-Match,1384434
Najmul Hossain Shanto,run out (Labuschagne/Inglis),45,57,59,6,0,78.94,Bangladesh,43rd-Match,1384434
Towhid Hridoy,c Labuschagne b Stoinis,74,79,121,5,2,93.67,Bangladesh,43rd-Match,1384434
Mahmudullah,run out (Labuschagne),32,28,34,1,3,114.28,Bangladesh,43rd-Match,1384434
Mushfiqur Rahim,c Cummins b Zampa,21,24,27,0,1,87.5,Bangladesh,43rd-Match,1384434
Mehidy Hasan Miraz,c Cummins b Abbott,29,20,33,4,0,145.0,Bangladesh,43rd-Match,1384434
Nasum Ahmed,run out (Abbott),7,11,15,0,0,63.63,Bangladesh,43rd-Match,1384434
Mahedi Hasan,not out,2,3,4,0,0,66.66,Bangladesh,43rd-Match,1384434
Taskin Ahmed,not out,0,1,2,0,0,0.0,Bangladesh,43rd-Match,1384434
Travis Head,b Taskin Ahmed,10,11,11,2,0,90.9,Australia,43rd-Match,1384434
David Warner,c Najmul Hossain Shanto b Mustafizur Rahman,53,61,90,6,0,86.88,Australia,43rd-Match,1384434
Mitchell Marsh,not out,177,132,177,17,9,134.09,Australia,43rd-Match,1384434
Steven Smith,not out,63,64,99,4,1,98.43,Australia,43rd-Match,1384434
batsmen,wicket,runs_scored,balls_faced,minutes_played,fours,sixes,strike_rate,country,match_name,scorecard_id
Rahmanullah Gurbaz,c Klaasen b Maharaj,25,22,45,3,1,113.63,Afghanistan,42nd-Match,1384433
Ibrahim Zadran,c de Kock b Coetzee,15,30,52,3,0,50.0,Afghanistan,42nd-Match,1384433
Rahmat Shah,c Miller b Ngidi,26,46,58,2,0,56.52,Afghanistan,42nd-Match,1384433
Hashmatullah Shahidi,c de Kock b Maharaj,2,7,5,0,0,28.57,Afghanistan,42nd-Match,1384433
Azmatullah Omarzai,not out,97,107,173,7,3,90.65,Afghanistan,42nd-Match,1384433
Ikram Alikhil,c de Kock b Coetzee,12,14,16,1,1,85.71,Afghanistan,42nd-Match,1384433
Mohammad Nabi,c de Kock b Ngidi,2,3,7,0,0,66.66,Afghanistan,42nd-Match,1384433
Rashid Khan,c de Kock b Phehlukwayo,14,30,42,0,0,46.66,Afghanistan,42nd-Match,1384433
Noor Ahmad,c de Kock b Coetzee,26,32,36,4,0,81.25,Afghanistan,42nd-Match,1384433
Mujeeb Ur Rahman,c Markram b Coetzee,8,5,7,0,1,160.0,Afghanistan,42nd-Match,1384433
Naveen-ul-Haq,run out (Rabada),2,4,12,0,0,50.0,Afghanistan,42nd-Match,1384433
Quinton de Kock,lbw b Mohammad Nabi,41,47,58,2,3,87.23,South Africa,42nd-Match,1384433
Temba Bavuma,c Rahmanullah Gurbaz b Mujeeb Ur Rahman,23,28,49,3,0,82.14,South Africa,42nd-Match,1384433
Rassie van der Dussen,not out,76,95,141,6,1,80.0,South Africa,42nd-Match,1384433
Aiden Markram,c Naveen-ul-Haq b Rashid Khan,25,32,32,1,1,78.12,South Africa,42nd-Match,1384433
Heinrich Klaasen,b Rashid Khan,10,13,15,1,0,76.92,South Africa,42nd-Match,1384433
David Miller,c & b Mohammad Nabi,24,33,35,1,1,72.72,South Africa,42nd-Match,1384433
Andile Phehlukwayo,not out,39,37,46,1,3,105.4,South Africa,42nd-Match,1384433
batsmen,wicket,runs_scored,balls_faced,minutes_played,fours,sixes,strike_rate,country,match_name,scorecard_id
Pathum Nissanka,c Latham b Southee,2,8,9,0,0,25.0,Sri Lanka,41st-Match,1384432
Kusal Perera,c Santner b Ferguson,51,28,46,9,2,182.14,Sri Lanka,41st-Match,1384432
Kusal Mendis,c Ravindra b Boult,6,7,11,1,0,85.71,Sri Lanka,41st-Match,1384432
Sadeera Samarawickrama,c Mitchell b Boult,1,2,2,0,0,50.0,Sri Lanka,41st-Match,1384432
Charith Asalanka,lbw b Boult,8,8,16,1,0,100.0,Sri Lanka,41st-Match,1384432
Angelo Mathews,c Mitchell b Santner,16,27,33,2,0,59.25,Sri Lanka,41st-Match,1384432
Dhananjaya de Silva,c Mitchell b Santner,19,24,36,2,1,79.16,Sri Lanka,41st-Match,1384432
Chamika Karunaratne,c Latham b Ferguson,6,17,28,1,0,35.29,Sri Lanka,41st-Match,1384432
Maheesh Theekshana,not out,38,91,109,3,0,41.75,Sri Lanka,41st-Match,1384432
Dushmantha Chameera,c Boult b Ravindra,1,20,32,0,0,5.0,Sri Lanka,41st-Match,1384432
Dilshan Madushanka,c Latham b Ravindra,19,48,56,2,0,39.58,Sri Lanka,41st-Match,1384432
Devon Conway,c de Silva b Chameera,45,42,54,9,0,107.14,New Zealand,41st-Match,1384432
Rachin Ravindra,c de Silva b Theekshana,42,34,61,3,3,123.52,New Zealand,41st-Match,1384432
Kane Williamson,b Mathews,14,15,26,2,0,93.33,New Zealand,41st-Match,1384432
Daryl Mitchell,c Asalanka b Mathews,43,31,45,5,2,138.7,New Zealand,41st-Match,1384432
Mark Chapman,run out (Samarawickrama/Mathews),7,6,13,1,0,116.66,New Zealand,41st-Match,1384432
Glenn Phillips,not out,17,10,15,3,0,170.0,New Zealand,41st-Match,1384432
Tom Latham,not out,2,2,3,0,0,100.0,New Zealand,41st-Match,1384432
batsmen,wicket,runs_scored,balls_faced,minutes_played,fours,sixes,strike_rate,country,match_name,scorecard_id
Jonny Bairstow,c van Meekeren b Dutt,15,17,29,2,0,88.23,England,40th-Match,1384431
Dawid Malan,run out (Edwards/van Beek),87,74,92,10,2,117.56,England,40th-Match,1384431
Joe Root,b van Beek,28,35,53,1,0,80.0,England,40th-Match,1384431
Ben Stokes,c Engelbrecht b van Beek,108,84,136,6,6,128.57,England,40th-Match,1384431
Harry Brook,c Ackermann b de Leede,11,16,19,2,0,68.75,England,40th-Match,1384431
Jos Buttler,c Nidamanuru b van Meekeren,5,11,12,0,0,45.45,England,40th-Match,1384431
Moeen Ali,c de Leede b Dutt,4,15,20,0,0,26.66,England,40th-Match,1384431
Chris Woakes,c Edwards b de Leede,51,45,66,5,1,113.33,England,40th-Match,1384431
David Willey,c Engelbrecht b de Leede,6,2,1,0,1,300.0,England,40th-Match,1384431
Gus Atkinson,not out,2,1,7,0,0,200.0,England,40th-Match,1384431
Adil Rashid,not out,1,1,3,0,0,100.0,England,40th-Match,1384431
Wesley Barresi,run out (Woakes/Ali),37,62,77,3,1,59.67,Netherlands,40th-Match,1384431
Max O'Dowd,c Ali b Woakes,5,11,20,1,0,45.45,Netherlands,40th-Match,1384431
Colin Ackermann,c Buttler b Willey,0,2,4,0,0,0.0,Netherlands,40th-Match,1384431
Sybrand Engelbrecht,c Woakes b Willey,33,49,73,3,1,67.34,Netherlands,40th-Match,1384431
Scott Edwards,c Malan b Ali,38,42,67,3,1,90.47,Netherlands,40th-Match,1384431
Bas de Leede,b Rashid,10,12,11,2,0,83.33,Netherlands,40th-Match,1384431
Teja Nidamanuru,not out,41,34,47,2,3,120.58,Netherlands,40th-Match,1384431
Logan van Beek,c Malan b Rashid,2,2,3,0,0,100.0,Netherlands,40th-Match,1384431
Roelof van der Merwe,c Rashid b Ali,0,4,3,0,0,0.0,Netherlands,40th-Match,1384431
Aryan Dutt,b Rashid,1,3,4,0,0,33.33,Netherlands,40th-Match,1384431
Paul van Meekeren,st Buttler b Ali,4,3,3,1,0,133.33,Netherlands,40th-Match,1384431
batsmen,wicket,runs_scored,balls_faced,minutes_played,fours,sixes,strike_rate,country,match_name,scorecard_id
Rahmanullah Gurbaz,c Starc b Hazlewood,21,25,38,2,0,84.0,Afghanistan,39th-Match,1384430
Ibrahim Zadran,not out,129,143,217,8,3,90.2,Afghanistan,39th-Match,1384430
Rahmat Shah,c Hazlewood b Maxwell,30,44,61,1,0,68.18,Afghanistan,39th-Match,1384430
Hashmatullah Shahidi,b Starc,26,43,50,2,0,60.46,Afghanistan,39th-Match,1384430
Azmatullah Omarzai,c Maxwell b Zampa,22,18,23,1,2,122.22,Afghanistan,39th-Match,1384430
Mohammad Nabi,b Hazlewood,12,10,15,0,1,120.0,Afghanistan,39th-Match,1384430
Rashid Khan,not out,35,18,25,2,3,194.44,Afghanistan,39th-Match,1384430
David Warner,b Azmatullah Omarzai,18,29,46,3,0,62.06,Australia,39th-Match,1384430
Travis Head,c Ikram Alikhil b Naveen-ul-Haq,0,2,5,0,0,0.0,Australia,39th-Match,1384430
Mitchell Marsh,lbw b Naveen-ul-Haq,24,11,22,2,2,218.18,Australia,39th-Match,1384430
Marnus Labuschagne,run out (Rahmat Shah),14,28,53,2,0,50.0,Australia,39th-Match,1384430
Josh Inglis,c Ibrahim Zadran b Azmatullah Omarzai,0,1,1,0,0,0.0,Australia,39th-Match,1384430
Glenn Maxwell,not out,201,128,181,21,10,157.03,Australia,39th-Match,1384430
Marcus Stoinis,lbw b Rashid Khan,6,7,13,1,0,85.71,Australia,39th-Match,1384430
Mitchell Starc,c Ikram Alikhil b Rashid Khan,3,7,8,0,0,42.85,Australia,39th-Match,1384430
Pat Cummins,not out,12,68,122,1,0,17.64,Australia,39th-Match,1384430
batsmen,wicket,runs_scored,balls_faced,minutes_played,fours,sixes,strike_rate,country,match_name,scorecard_id
Pathum Nissanka,b Tanzim Hasan Sakib,41,36,61,8,0,113.88,Sri Lanka,38th-Match,1384429
Kusal Perera,c Mushfiqur Rahim b Shoriful Islam,4,5,5,1,0,80.0,Sri Lanka,38th-Match,1384429
Kusal Mendis,c Shoriful Islam b Shakib Al Hasan,19,30,49,1,1,63.33,Sri Lanka,38th-Match,1384429
Sadeera Samarawickrama,c Mahmudullah b Shakib Al Hasan,41,42,53,4,0,97.61,Sri Lanka,38th-Match,1384429
Charith Asalanka,c Litton Das b Tanzim Hasan Sakib,108,105,159,6,5,102.85,Sri Lanka,38th-Match,1384429
Angelo Mathews,timed out,0,0,4,0,0,0.0,Sri Lanka,38th-Match,1384429
Dhananjaya de Silva,st Mushfiqur Rahim b Mehidy Hasan Miraz,34,36,58,4,1,94.44,Sri Lanka,38th-Match,1384429
Maheesh Theekshana,c sub (Nasum Ahmed) b Shoriful Islam,21,31,35,3,0,67.74,Sri Lanka,38th-Match,1384429
Dushmantha Chameera,run out (Mushfiqur Rahim),4,9,17,0,0,44.44,Sri Lanka,38th-Match,1384429
Kasun Rajitha,c Litton Das b Tanzim Hasan Sakib,0,2,1,0,0,0.0,Sri Lanka,38th-Match,1384429
Dilshan Madushanka,not out,0,1,3,0,0,0.0,Sri Lanka,38th-Match,1384429
Tanzid Hasan,c Nissanka b Madushanka,9,5,11,2,0,180.0,Bangladesh,38th-Match,1384429
Litton Das,lbw b Madushanka,23,22,36,2,2,104.54,Bangladesh,38th-Match,1384429
Najmul Hossain Shanto,b Mathews,90,101,163,12,0,89.1,Bangladesh,38th-Match,1384429
Shakib Al Hasan,c Asalanka b Mathews,82,65,128,12,2,126.15,Bangladesh,38th-Match,1384429
Mahmudullah,b Theekshana,22,23,37,3,1,95.65,Bangladesh,38th-Match,1384429
Mushfiqur Rahim,b Madushanka,10,13,21,1,0,76.92,Bangladesh,38th-Match,1384429
Towhid Hridoy,not out,15,7,22,0,2,214.28,Bangladesh,38th-Match,1384429
Mehidy Hasan Miraz,c Asalanka b Theekshana,3,5,9,0,0,60.0,Bangladesh,38th-Match,1384429
Tanzim Hasan Sakib,not out,5,6,6,1,0,83.33,Bangladesh,38th-Match,1384429
batsmen,wicket,runs_scored,balls_faced,minutes_played,fours,sixes,strike_rate,country,match_name,scorecard_id
Rohit Sharma,c Bavuma b Rabada,40,24,32,6,2,166.66,India,37th-Match,1384428
Shubman Gill,b Maharaj,23,24,54,4,1,95.83,India,37th-Match,1384428
Virat Kohli,not out,101,121,195,10,0,83.47,India,37th-Match,1384428
Shreyas Iyer,c Markram b Ngidi,77,87,101,7,2,88.5,India,37th-Match,1384428
KL Rahul,c van der Dussen b Jansen,8,17,29,0,0,47.05,India,37th-Match,1384428
Suryakumar Yadav,c de Kock b Shamsi,22,14,19,5,0,157.14,India,37th-Match,1384428
Ravindra Jadeja,not out,29,15,21,3,1,193.33,India,37th-Match,1384428
Quinton de Kock,b Mohammed Siraj,5,10,9,1,0,50.0,South Africa,37th-Match,1384428
Temba Bavuma,b Jadeja,11,19,39,1,0,57.89,South Africa,37th-Match,1384428
Rassie van der Dussen,lbw b Mohammed Shami,13,32,55,1,0,40.62,South Africa,37th-Match,1384428
Aiden Markram,c Rahul b Mohammed Shami,9,6,6,2,0,150.0,South Africa,37th-Match,1384428
Heinrich Klaasen,lbw b Jadeja,1,11,12,0,0,9.09,South Africa,37th-Match,1384428
David Miller,b Jadeja,11,11,17,2,0,100.0,South Africa,37th-Match,1384428
Marco Jansen,c Jadeja b Kuldeep Yadav,14,30,45,1,0,46.66,South Africa,37th-Match,1384428
Keshav Maharaj,b Jadeja,7,11,7,1,0,63.63,South Africa,37th-Match,1384428
Kagiso Rabada,c & b Jadeja,6,26,26,0,0,23.07,South Africa,37th-Match,1384428
Lungi Ngidi,b Kuldeep Yadav,0,3,7,0,0,0.0,South Africa,37th-Match,1384428
Tabraiz Shamsi,not out,4,4,3,1,0,100.0,South Africa,37th-Match,1384428
batsmen,wicket,runs_scored,balls_faced,minutes_played,fours,sixes,strike_rate,country,match_name,scorecard_id
Travis Head,c Root b Woakes,11,10,8,1,0,110.0,Australia,36th-Match,1384427
David Warner,c Willey b Woakes,15,16,29,1,1,93.75,Australia,36th-Match,1384427
Steven Smith,c Ali b Rashid,44,52,85,3,0,84.61,Australia,36th-Match,1384427
Marnus Labuschagne,lbw b Wood,71,83,111,7,0,85.54,Australia,36th-Match,1384427
Josh Inglis,c Ali b Rashid,3,6,5,0,0,50.0,Australia,36th-Match,1384427
Cameron Green,b Willey,47,52,81,5,0,90.38,Australia,36th-Match,1384427
Marcus Stoinis,c Bairstow b Livingstone,35,32,53,3,2,109.37,Australia,36th-Match,1384427
Pat Cummins,c Malan b Wood,10,13,17,1,0,76.92,Australia,36th-Match,1384427
Mitchell Starc,c Ali b Woakes,10,13,30,0,0,76.92,Australia,36th-Match,1384427
Adam Zampa,c Buttler b Woakes,29,19,23,4,0,152.63,Australia,36th-Match,1384427
Josh Hazlewood,not out,1,1,1,0,0,100.0,Australia,36th-Match,1384427
Jonny Bairstow,c Inglis b Starc,0,1,1,0,0,0.0,England,36th-Match,1384427
Dawid Malan,c Head b Cummins,50,64,99,4,1,78.12,England,36th-Match,1384427
Joe Root,c Inglis b Starc,13,17,23,2,0,76.47,England,36th-Match,1384427
Ben Stokes,c Stoinis b Zampa,64,90,128,2,3,71.11,England,36th-Match,1384427
Jos Buttler,c Green b Zampa,1,7,10,0,0,14.28,England,36th-Match,1384427
Moeen Ali,c Warner b Zampa,42,43,61,6,0,97.67,England,36th-Match,1384427
Liam Livingstone,c sub (SA Abbott) b Cummins,2,5,6,0,0,40.0,England,36th-Match,1384427
Chris Woakes,c Labuschagne b Stoinis,32,33,52,4,1,96.96,England,36th-Match,1384427
David Willey,c Zampa b Hazlewood,15,14,19,3,0,107.14,England,36th-Match,1384427
Adil Rashid,c Inglis b Hazlewood,20,15,23,1,1,133.33,England,36th-Match,1384427
Mark Wood,not out,0,0,1,0,0,0.0,England,36th-Match,1384427
batsmen,wicket,runs_scored,balls_faced,minutes_played,fours,sixes,strike_rate,country,match_name,scorecard_id
Devon Conway,c Mohammad Rizwan b Hasan Ali,35,39,48,6,0,89.74,New Zealand,35th-Match,1384426
Rachin Ravindra,c Saud Shakeel b Mohammad Wasim,108,94,170,15,1,114.89,New Zealand,35th-Match,1384426
Kane Williamson,c Fakhar Zaman b Iftikhar Ahmed,95,79,111,10,2,120.25,New Zealand,35th-Match,1384426
Daryl Mitchell,b Haris Rauf,29,18,32,4,1,161.11,New Zealand,35th-Match,1384426
Mark Chapman,b Mohammad Wasim,39,27,42,7,0,144.44,New Zealand,35th-Match,1384426
Glenn Phillips,b Mohammad Wasim,41,25,40,4,2,164.0,New Zealand,35th-Match,1384426
Mitchell Santner,not out,26,17,27,0,2,152.94,New Zealand,35th-Match,1384426
Tom Latham,not out,2,2,4,0,0,100.0,New Zealand,35th-Match,1384426
Abdullah Shafique,c Williamson b Southee,4,9,8,1,0,44.44,Pakistan,35th-Match,1384426
Fakhar Zaman,not out,126,81,103,8,11,155.55,Pakistan,35th-Match,1384426
Babar Azam,not out,66,63,93,6,2,104.76,Pakistan,35th-Match,1384426
batsmen,wicket,runs_scored,balls_faced,minutes_played,fours,sixes,strike_rate,country,match_name,scorecard_id
Wesley Barresi,lbw b Mujeeb Ur Rahman,1,4,3,0,0,25.0,Netherlands,34th-Match,1384425
Max O'Dowd,run out (Azmatullah Omarzai),42,40,50,9,0,105.0,Netherlands,34th-Match,1384425
Colin Ackermann,run out (Rashid Khan/Ikram Alikhil),29,35,71,4,0,82.85,Netherlands,34th-Match,1384425
Sybrand Engelbrecht,run out (Mohammad Nabi/Ikram Alikhil),58,86,85,6,0,67.44,Netherlands,34th-Match,1384425
Scott Edwards,run out (Ikram Alikhil),0,1,1,0,0,0.0,Netherlands,34th-Match,1384425
Bas de Leede,c Ikram Alikhil b Mohammad Nabi,3,6,5,0,0,50.0,Netherlands,34th-Match,1384425
Saqib Zulfiqar,c Ikram Alikhil b Noor Ahmad,3,15,19,0,0,20.0,Netherlands,34th-Match,1384425
Logan van Beek,st Ikram Alikhil b Mohammad Nabi,2,13,16,0,0,15.38,Netherlands,34th-Match,1384425
Roelof van der Merwe,c Ibrahim Zadran b Noor Ahmad,11,33,36,0,0,33.33,Netherlands,34th-Match,1384425
Aryan Dutt,not out,10,22,42,0,0,45.45,Netherlands,34th-Match,1384425
Paul van Meekeren,lbw b Mohammad Nabi,4,24,18,0,0,16.66,Netherlands,34th-Match,1384425
Rahmanullah Gurbaz,c Edwards b van Beek,10,11,24,2,0,90.9,Afghanistan,34th-Match,1384425
Ibrahim Zadran,b van der Merwe,20,34,44,2,0,58.82,Afghanistan,34th-Match,1384425
Rahmat Shah,c & b Saqib Zulfiqar,52,54,74,8,0,96.29,Afghanistan,34th-Match,1384425
Hashmatullah Shahidi,not out,56,64,92,6,0,87.5,Afghanistan,34th-Match,1384425
Azmatullah Omarzai,not out,31,28,38,3,0,110.71,Afghanistan,34th-Match,1384425
batsmen,wicket,runs_scored,balls_faced,minutes_played,fours,sixes,strike_rate,country,match_name,scorecard_id
Rohit Sharma,b Madushanka,4,2,2,1,0,200.0,India,33rd-Match,1384424
Shubman Gill,c Mendis b Madushanka,92,92,136,11,2,100.0,India,33rd-Match,1384424
Virat Kohli,c Nissanka b Madushanka,88,94,139,11,0,93.61,India,33rd-Match,1384424
Shreyas Iyer,c Theekshana b Madushanka,82,56,84,3,6,146.42,India,33rd-Match,1384424
KL Rahul,c Hemantha b Chameera,21,19,34,2,0,110.52,India,33rd-Match,1384424
Suryakumar Yadav,c Mendis b Madushanka,12,9,13,2,0,133.33,India,33rd-Match,1384424
Ravindra Jadeja,run out (Samarawickrama/Mendis),35,24,41,1,1,145.83,India,33rd-Match,1384424
Mohammed Shami,run out (Mendis),2,4,11,0,0,50.0,India,33rd-Match,1384424
Jasprit Bumrah,not out,1,1,1,0,0,100.0,India,33rd-Match,1384424
Pathum Nissanka,lbw b Bumrah,0,1,2,0,0,0.0,Sri Lanka,33rd-Match,1384424
Dimuth Karunaratne,lbw b Mohammed Siraj,0,1,10,0,0,0.0,Sri Lanka,33rd-Match,1384424
Kusal Mendis,b Mohammed Siraj,1,10,21,0,0,10.0,Sri Lanka,33rd-Match,1384424
Sadeera Samarawickrama,c Iyer b Mohammed Siraj,0,4,4,0,0,0.0,Sri Lanka,33rd-Match,1384424
Charith Asalanka,c Jadeja b Mohammed Shami,1,24,42,0,0,4.16,Sri Lanka,33rd-Match,1384424
Angelo Mathews,b Mohammed Shami,12,25,55,1,0,48.0,Sri Lanka,33rd-Match,1384424
Dushan Hemantha,c Rahul b Mohammed Shami,0,1,1,0,0,0.0,Sri Lanka,33rd-Match,1384424
Dushmantha Chameera,c Rahul b Mohammed Shami,0,6,10,0,0,0.0,Sri Lanka,33rd-Match,1384424
Maheesh Theekshana,not out,12,23,37,2,0,52.17,Sri Lanka,33rd-Match,1384424
Kasun Rajitha,c Shubman Gill b Mohammed Shami,14,17,20,2,0,82.35,Sri Lanka,33rd-Match,1384424
Dilshan Madushanka,c Iyer b Jadeja,5,6,4,1,0,83.33,Sri Lanka,33rd-Match,1384424
batsmen,wicket,runs_scored,balls_faced,minutes_played,fours,sixes,strike_rate,country,match_name,scorecard_id
Quinton de Kock,c Phillips b Southee,114,116,176,10,3,98.27,South Africa,32nd-Match,1384423
Temba Bavuma,c Mitchell b Boult,24,28,37,4,1,85.71,South Africa,32nd-Match,1384423
Rassie van der Dussen,b Southee,133,118,172,9,5,112.71,South Africa,32nd-Match,1384423
David Miller,c Mitchell b Neesham,53,30,48,2,4,176.66,South Africa,32nd-Match,1384423
Heinrich Klaasen,not out,15,7,13,1,1,214.28,South Africa,32nd-Match,1384423
Aiden Markram,not out,6,1,1,0,1,600.0,South Africa,32nd-Match,1384423
Devon Conway,c Markram b Jansen,2,6,13,0,0,33.33,New Zealand,32nd-Match,1384423
Will Young,c de Kock b Coetzee,33,37,50,5,0,89.18,New Zealand,32nd-Match,1384423
Rachin Ravindra,c Coetzee b Jansen,9,16,28,1,0,56.25,New Zealand,32nd-Match,1384423
Daryl Mitchell,c Miller b Maharaj,24,30,40,4,0,80.0,New Zealand,32nd-Match,1384423
Tom Latham,c Maharaj b Rabada,4,15,18,0,0,26.66,New Zealand,32nd-Match,1384423
Glenn Phillips,c Rabada b Coetzee,60,50,87,4,4,120.0,New Zealand,32nd-Match,1384423
Mitchell Santner,b Maharaj,7,18,14,1,0,38.88,New Zealand,32nd-Match,1384423
Tim Southee,lbw b Jansen,7,11,11,1,0,63.63,New Zealand,32nd-Match,1384423
James Neesham,b Maharaj,0,8,6,0,0,0.0,New Zealand,32nd-Match,1384423
Trent Boult,c Miller b Maharaj,9,14,17,1,0,64.28,New Zealand,32nd-Match,1384423
Matt Henry,not out,0,9,20,0,0,0.0,New Zealand,32nd-Match,1384423
batsmen,wicket,runs_scored,balls_faced,minutes_played,fours,sixes,strike_rate,country,match_name,scorecard_id
Tanzid Hasan,lbw b Shaheen Shah Afridi,0,5,7,0,0,0.0,Bangladesh,31st-Match,1384422
Litton Das,c Agha Salman b Iftikhar Ahmed,45,64,100,6,0,70.31,Bangladesh,31st-Match,1384422
Najmul Hossain Shanto,c Usama Mir b Shaheen Shah Afridi,4,3,8,1,0,133.33,Bangladesh,31st-Match,1384422
Mushfiqur Rahim,c Mohammad Rizwan b Haris Rauf,5,8,18,1,0,62.5,Bangladesh,31st-Match,1384422
Mahmudullah,b Shaheen Shah Afridi,56,70,108,6,1,80.0,Bangladesh,31st-Match,1384422
Shakib Al Hasan,c Agha Salman b Haris Rauf,43,64,82,4,0,67.18,Bangladesh,31st-Match,1384422
Towhid Hridoy,c Iftikhar Ahmed b Usama Mir,7,3,9,0,1,233.33,Bangladesh,31st-Match,1384422
Mehidy Hasan Miraz,b Mohammad Wasim,25,30,50,1,1,83.33,Bangladesh,31st-Match,1384422
Taskin Ahmed,b Mohammad Wasim,6,13,20,0,0,46.15,Bangladesh,31st-Match,1384422
Mustafizur Rahman,b Mohammad Wasim,3,7,11,0,0,42.85,Bangladesh,31st-Match,1384422
Shoriful Islam,not out,1,4,8,0,0,25.0,Bangladesh,31st-Match,1384422
Abdullah Shafique,lbw b Mehidy Hasan Miraz,68,69,94,9,2,98.55,Pakistan,31st-Match,1384422
Fakhar Zaman,c Towhid Hridoy b Mehidy Hasan Miraz,81,74,126,3,7,109.45,Pakistan,31st-Match,1384422
Babar Azam,c Mahmudullah b Mehidy Hasan Miraz,9,16,20,1,0,56.25,Pakistan,31st-Match,1384422
Mohammad Rizwan,not out,26,21,27,4,0,123.8,Pakistan,31st-Match,1384422
Iftikhar Ahmed,not out,17,15,17,2,0,113.33,Pakistan,31st-Match,1384422
batsmen,wicket,runs_scored,balls_faced,minutes_played,fours,sixes,strike_rate,country,match_name,scorecard_id
Pathum Nissanka,c Rahmanullah Gurbaz b Azmatullah Omarzai,46,60,82,5,0,76.66,Sri Lanka,30th-Match,1384421
Dimuth Karunaratne,lbw b Fazalhaq Farooqi,15,21,25,1,0,71.42,Sri Lanka,30th-Match,1384421
Kusal Mendis,c sub (Najibullah Zadran) b Mujeeb Ur Rahman,39,50,91,3,0,78.0,Sri Lanka,30th-Match,1384421
Sadeera Samarawickrama,lbw b Mujeeb Ur Rahman,36,40,42,3,0,90.0,Sri Lanka,30th-Match,1384421
Charith Asalanka,c Rashid Khan b Fazalhaq Farooqi,22,28,48,2,0,78.57,Sri Lanka,30th-Match,1384421
Dhananjaya de Silva,b Rashid Khan,14,26,24,1,0,53.84,Sri Lanka,30th-Match,1384421
Angelo Mathews,c Mohammad Nabi b Fazalhaq Farooqi,23,26,61,1,1,88.46,Sri Lanka,30th-Match,1384421
Dushmantha Chameera,run out (Ibrahim Zadran),1,4,5,0,0,25.0,Sri Lanka,30th-Match,1384421
Maheesh Theekshana,b Fazalhaq Farooqi,29,31,31,3,1,93.54,Sri Lanka,30th-Match,1384421
Kasun Rajitha,run out (Rahmanullah Gurbaz),5,7,14,0,0,71.42,Sri Lanka,30th-Match,1384421
Dilshan Madushanka,not out,0,4,5,0,0,0.0,Sri Lanka,30th-Match,1384421
Rahmanullah Gurbaz,b Madushanka,0,4,2,0,0,0.0,Afghanistan,30th-Match,1384421
Ibrahim Zadran,c Karunaratne b Madushanka,39,57,73,4,1,68.42,Afghanistan,30th-Match,1384421
Rahmat Shah,c Karunaratne b Rajitha,62,74,121,7,0,83.78,Afghanistan,30th-Match,1384421
Hashmatullah Shahidi,not out,58,74,132,2,1,78.37,Afghanistan,30th-Match,1384421
Azmatullah Omarzai,not out,73,63,80,6,3,115.87,Afghanistan,30th-Match,1384421
batsmen,wicket,runs_scored,balls_faced,minutes_played,fours,sixes,strike_rate,country,match_name,scorecard_id
Rohit Sharma,c Livingstone b Rashid,87,101,162,10,3,86.13,India,29th-Match,1384420
Shubman Gill,b Woakes,9,13,18,1,0,69.23,India,29th-Match,1384420
Virat Kohli,c Stokes b Willey,0,9,12,0,0,0.0,India,29th-Match,1384420
Shreyas Iyer,c Wood b Woakes,4,16,21,0,0,25.0,India,29th-Match,1384420
KL Rahul,c Bairstow b Willey,39,58,77,3,0,67.24,India,29th-Match,1384420
Suryakumar Yadav,c Woakes b Willey,49,47,75,4,1,104.25,India,29th-Match,1384420
Ravindra Jadeja,lbw b Rashid,8,13,14,0,0,61.53,India,29th-Match,1384420
Mohammed Shami,c Buttler b Wood,1,5,4,0,0,20.0,India,29th-Match,1384420
Jasprit Bumrah,run out (Buttler),16,25,44,1,0,64.0,India,29th-Match,1384420
Kuldeep Yadav,not out,9,13,18,1,0,69.23,India,29th-Match,1384420
Jonny Bairstow,b Mohammed Shami,14,23,53,2,0,60.86,England,29th-Match,1384420
Dawid Malan,b Bumrah,16,17,25,2,1,94.11,England,29th-Match,1384420
Joe Root,lbw b Bumrah,0,1,2,0,0,0.0,England,29th-Match,1384420
Ben Stokes,b Mohammed Shami,0,10,14,0,0,0.0,England,29th-Match,1384420
Jos Buttler,b Kuldeep Yadav,10,23,33,1,0,43.47,England,29th-Match,1384420
Moeen Ali,c Rahul b Mohammed Shami,15,31,55,0,0,48.38,England,29th-Match,1384420
Liam Livingstone,lbw b Kuldeep Yadav,27,46,56,2,0,58.69,England,29th-Match,1384420
Chris Woakes,st Rahul b Jadeja,10,20,21,1,0,50.0,England,29th-Match,1384420
David Willey,not out,16,17,29,0,2,94.11,England,29th-Match,1384420
Adil Rashid,b Mohammed Shami,13,20,19,2,0,65.0,England,29th-Match,1384420
Mark Wood,b Bumrah,0,1,3,0,0,0.0,England,29th-Match,1384420
batsmen,wicket,runs_scored,balls_faced,minutes_played,fours,sixes,strike_rate,country,match_name,scorecard_id
Vikramjit Singh,c Shakib Al Hasan b Taskin Ahmed,3,9,7,0,0,33.33,Netherlands,28th-Match,1384419
Max O'Dowd,c Tanzid Hasan b Shoriful Islam,0,3,11,0,0,0.0,Netherlands,28th-Match,1384419
Wesley Barresi,c Shakib Al Hasan b Mustafizur Rahman,41,41,49,8,0,100.0,Netherlands,28th-Match,1384419
Colin Ackermann,c Mustafizur Rahman b Shakib Al Hasan,15,33,50,1,0,45.45,Netherlands,28th-Match,1384419
Scott Edwards,c Mehidy Hasan Miraz b Mustafizur Rahman,68,89,122,6,0,76.4,Netherlands,28th-Match,1384419
Bas de Leede,c Mushfiqur Rahim b Taskin Ahmed,17,32,49,2,0,53.12,Netherlands,28th-Match,1384419
Sybrand Engelbrecht,lbw b Mahedi Hasan,35,61,72,3,0,57.37,Netherlands,28th-Match,1384419
Logan van Beek,not out,23,16,33,2,1,143.75,Netherlands,28th-Match,1384419
Shariz Ahmad,run out (Mahmudullah/Mushfiqur Rahim),6,8,13,0,0,75.0,Netherlands,28th-Match,1384419
Aryan Dutt,c Mehidy Hasan Miraz b Shoriful Islam,9,6,7,0,1,150.0,Netherlands,28th-Match,1384419
Paul van Meekeren,lbw b Mahedi Hasan,0,2,6,0,0,0.0,Netherlands,28th-Match,1384419
Litton Das,c Edwards b Dutt,3,12,20,0,0,25.0,Bangladesh,28th-Match,1384419
Tanzid Hasan,c Edwards b van Beek,15,16,25,3,0,93.75,Bangladesh,28th-Match,1384419
Mehidy Hasan Miraz,c Edwards b de Leede,35,40,51,5,1,87.5,Bangladesh,28th-Match,1384419
Najmul Hossain Shanto,c van Beek b van Meekeren,9,18,27,2,0,50.0,Bangladesh,28th-Match,1384419
Shakib Al Hasan,c Edwards b van Meekeren,5,14,14,0,0,35.71,Bangladesh,28th-Match,1384419
Mushfiqur Rahim,b van Meekeren,1,5,9,0,0,20.0,Bangladesh,28th-Match,1384419
Mahmudullah,c Dutt b de Leede,20,41,70,2,0,48.78,Bangladesh,28th-Match,1384419
Mahedi Hasan,run out (de Leede),17,38,51,1,0,44.73,Bangladesh,28th-Match,1384419
Taskin Ahmed,c de Leede b van Meekeren,11,35,49,1,0,31.42,Bangladesh,28th-Match,1384419
Mustafizur Rahman,b Ackermann,20,35,34,2,1,57.14,Bangladesh,28th-Match,1384419
Shoriful Islam,not out,0,0,1,0,0,0.0,Bangladesh,28th-Match,1384419
batsmen,wicket,runs_scored,balls_faced,minutes_played,fours,sixes,strike_rate,country,match_name,scorecard_id
David Warner,c & b Phillips,81,65,77,5,6,124.61,Australia,27th-Match,1384418
Travis Head,b Phillips,109,67,94,10,7,162.68,Australia,27th-Match,1384418
Mitchell Marsh,b Santner,36,51,65,2,0,70.58,Australia,27th-Match,1384418
Steven Smith,c Boult b Phillips,18,17,19,2,0,105.88,Australia,27th-Match,1384418
Marnus Labuschagne,c Ravindra b Santner,18,26,36,2,0,69.23,Australia,27th-Match,1384418
Glenn Maxwell,c Boult b Neesham,41,24,37,5,2,170.83,Australia,27th-Match,1384418
Josh Inglis,c Phillips b Boult,38,28,48,4,1,135.71,Australia,27th-Match,1384418
Pat Cummins,lbw b Boult,37,14,23,2,4,264.28,Australia,27th-Match,1384418
Mitchell Starc,c Neesham b Henry,1,3,7,0,0,33.33,Australia,27th-Match,1384418
Adam Zampa,b Boult,0,3,2,0,0,0.0,Australia,27th-Match,1384418
Josh Hazlewood,not out,0,0,1,0,0,0.0,Australia,27th-Match,1384418
Devon Conway,c Starc b Hazlewood,28,17,35,6,0,164.7,New Zealand,27th-Match,1384418
Will Young,c Starc b Hazlewood,32,37,44,4,1,86.48,New Zealand,27th-Match,1384418
Rachin Ravindra,c Labuschagne b Cummins,116,89,137,9,5,130.33,New Zealand,27th-Match,1384418
Daryl Mitchell,c Starc b Zampa,54,51,59,6,1,105.88,New Zealand,27th-Match,1384418
Tom Latham,c Hazlewood b Zampa,21,22,29,2,0,95.45,New Zealand,27th-Match,1384418
Glenn Phillips,c Labuschagne b Maxwell,12,16,21,1,0,75.0,New Zealand,27th-Match,1384418
James Neesham,run out (Labuschagne/Inglis),58,39,64,3,3,148.71,New Zealand,27th-Match,1384418
Mitchell Santner,c Maxwell b Zampa,17,12,13,1,1,141.66,New Zealand,27th-Match,1384418
Matt Henry,c Hazlewood b Cummins,9,8,14,1,0,112.5,New Zealand,27th-Match,1384418
Trent Boult,not out,10,8,21,0,1,125.0,New Zealand,27th-Match,1384418
Lockie Ferguson,not out,0,1,1,0,0,0.0,New Zealand,27th-Match,1384418
batsmen,wicket,runs_scored,balls_faced,minutes_played,fours,sixes,strike_rate,country,match_name,scorecard_id
Abdullah Shafique,c Ngidi b Jansen,9,17,21,1,0,52.94,Pakistan,26th-Match,1384417
Imam-ul-Haq,c Klaasen b Jansen,12,18,35,2,0,66.66,Pakistan,26th-Match,1384417
Babar Azam,c de Kock b Shamsi,50,65,100,4,1,76.92,Pakistan,26th-Match,1384417
Mohammad Rizwan,c de Kock b Coetzee,31,27,35,4,1,114.81,Pakistan,26th-Match,1384417
Iftikhar Ahmed,c Klaasen b Shamsi,21,31,38,1,1,67.74,Pakistan,26th-Match,1384417
Saud Shakeel,c de Kock b Shamsi,52,52,81,7,0,100.0,Pakistan,26th-Match,1384417
Shadab Khan,c Maharaj b Coetzee,43,36,53,3,2,119.44,Pakistan,26th-Match,1384417
Mohammad Nawaz,c Miller b Jansen,24,24,32,1,2,100.0,Pakistan,26th-Match,1384417
Shaheen Shah Afridi,c Maharaj b Shamsi,2,4,10,0,0,50.0,Pakistan,26th-Match,1384417
Mohammad Wasim,c de Kock b Ngidi,7,9,13,0,1,77.77,Pakistan,26th-Match,1384417
Haris Rauf,not out,0,1,5,0,0,0.0,Pakistan,26th-Match,1384417
Temba Bavuma,c Saud Shakeel b Mohammad Wasim,28,27,49,4,1,103.7,South Africa,26th-Match,1384417
Quinton de Kock,c Mohammad Wasim b Shaheen Shah Afridi,24,14,19,5,0,171.42,South Africa,26th-Match,1384417
Rassie van der Dussen,lbw b Usama Mir,21,39,71,0,0,53.84,South Africa,26th-Match,1384417
Aiden Markram,c Babar Azam b Usama Mir,91,93,151,7,3,97.84,South Africa,26th-Match,1384417
Heinrich Klaasen,c Usama Mir b Mohammad Wasim,12,10,12,0,1,120.0,South Africa,26th-Match,1384417
David Miller,c Mohammad Rizwan b Shaheen Shah Afridi,29,33,55,2,2,87.87,South Africa,26th-Match,1384417
Marco Jansen,c Babar Azam b Haris Rauf,20,14,18,2,1,142.85,South Africa,26th-Match,1384417
Gerald Coetzee,c Mohammad Rizwan b Shaheen Shah Afridi,10,13,23,0,0,76.92,South Africa,26th-Match,1384417
Keshav Maharaj,not out,7,21,44,1,0,33.33,South Africa,26th-Match,1384417
Lungi Ngidi,c & b Haris Rauf,4,14,24,0,0,28.57,South Africa,26th-Match,1384417
Tabraiz Shamsi,not out,4,6,14,0,0,66.66,South Africa,26th-Match,1384417
batsmen,wicket,runs_scored,balls_faced,minutes_played,fours,sixes,strike_rate,country,match_name,scorecard_id
Jonny Bairstow,c de Silva b Rajitha,30,31,64,3,0,96.77,England,25th-Match,1384416
Dawid Malan,c Mendis b Mathews,28,25,32,6,0,112.0,England,25th-Match,1384416
Joe Root,run out (Mathews/Mendis),3,10,14,0,0,30.0,England,25th-Match,1384416
Ben Stokes,c sub (MADI Hemantha) b Kumara,43,73,98,6,0,58.9,England,25th-Match,1384416
Jos Buttler,c Mendis b Kumara,8,6,6,1,0,133.33,England,25th-Match,1384416
Liam Livingstone,lbw b Kumara,1,6,9,0,0,16.66,England,25th-Match,1384416
Moeen Ali,c Perera b Mathews,15,15,33,1,0,100.0,England,25th-Match,1384416
Chris Woakes,c Samarawickrama b Rajitha,0,4,8,0,0,0.0,England,25th-Match,1384416
David Willey,not out,14,17,34,1,1,82.35,England,25th-Match,1384416
Adil Rashid,run out (Mendis),2,7,7,0,0,28.57,England,25th-Match,1384416
Mark Wood,st Mendis b Theekshana,5,6,6,1,0,83.33,England,25th-Match,1384416
Pathum Nissanka,not out,77,83,110,7,2,92.77,Sri Lanka,25th-Match,1384416
Kusal Perera,c Stokes b Willey,4,5,8,1,0,80.0,Sri Lanka,25th-Match,1384416
Kusal Mendis,c Buttler b Willey,11,12,15,2,0,91.66,Sri Lanka,25th-Match,1384416
Sadeera Samarawickrama,not out,65,54,84,7,1,120.37,Sri Lanka,25th-Match,1384416
batsmen,wicket,runs_scored,balls_faced,minutes_played,fours,sixes,strike_rate,country,match_name,scorecard_id
Mitchell Marsh,c Ackermann b van Beek,9,15,15,2,0,60.0,Australia,24th-Match,1384415
David Warner,c Dutt b van Beek,104,93,182,11,3,111.82,Australia,24th-Match,1384415
Steven Smith,c van der Merwe b Dutt,71,68,88,9,1,104.41,Australia,24th-Match,1384415
Marnus Labuschagne,c Dutt b de Leede,62,47,60,7,2,131.91,Australia,24th-Match,1384415
Josh Inglis,c Engelbrecht b de Leede,14,12,12,1,1,116.66,Australia,24th-Match,1384415
Glenn Maxwell,c Engelbrecht b van Beek,106,44,53,9,8,240.9,Australia,24th-Match,1384415
Cameron Green,run out (Engelbrecht),8,11,15,1,0,72.72,Australia,24th-Match,1384415
Pat Cummins,not out,12,9,39,2,0,133.33,Australia,24th-Match,1384415
Mitchell Starc,c Ackermann b van Beek,0,1,1,0,0,0.0,Australia,24th-Match,1384415
Adam Zampa,not out,1,1,2,0,0,100.0,Australia,24th-Match,1384415
Vikramjit Singh,run out (Maxwell),25,25,28,6,0,100.0,Netherlands,24th-Match,1384415
Max O'Dowd,b Starc,6,9,21,1,0,66.66,Netherlands,24th-Match,1384415
Colin Ackermann,lbw b Hazlewood,10,11,21,2,0,90.9,Netherlands,24th-Match,1384415
Sybrand Engelbrecht,c Warner b Marsh,11,21,36,1,0,52.38,Netherlands,24th-Match,1384415
Bas de Leede,lbw b Cummins,4,7,7,1,0,57.14,Netherlands,24th-Match,1384415
Scott Edwards,not out,12,22,53,0,0,54.54,Netherlands,24th-Match,1384415
Teja Nidamanuru,c Inglis b Marsh,14,18,19,2,0,77.77,Netherlands,24th-Match,1384415
Logan van Beek,c Inglis b Zampa,0,3,3,0,0,0.0,Netherlands,24th-Match,1384415
Roelof van der Merwe,lbw b Zampa,0,1,1,0,0,0.0,Netherlands,24th-Match,1384415
Aryan Dutt,lbw b Zampa,1,8,9,0,0,12.5,Netherlands,24th-Match,1384415
Paul van Meekeren,st Inglis b Zampa,0,1,2,0,0,0.0,Netherlands,24th-Match,1384415
batsmen,wicket,runs_scored,balls_faced,minutes_played,fours,sixes,strike_rate,country,match_name,scorecard_id
Quinton de Kock,c Nasum Ahmed b Hasan Mahmud,174,140,192,15,7,124.28,South Africa,23rd-Match,1384414
Reeza Hendricks,b Shoriful Islam,12,19,24,1,0,63.15,South Africa,23rd-Match,1384414
Rassie van der Dussen,lbw b Mehidy Hasan Miraz,1,7,6,0,0,14.28,South Africa,23rd-Match,1384414
Aiden Markram,c Litton Das b Shakib Al Hasan,60,69,84,7,0,86.95,South Africa,23rd-Match,1384414
Heinrich Klaasen,c Mahmudullah b Hasan Mahmud,90,49,94,2,8,183.67,South Africa,23rd-Match,1384414
David Miller,not out,34,15,26,1,4,226.66,South Africa,23rd-Match,1384414
Marco Jansen,not out,1,1,3,0,0,100.0,South Africa,23rd-Match,1384414
Tanzid Hasan,c Klaasen b Jansen,12,17,30,1,0,70.58,Bangladesh,23rd-Match,1384414
Litton Das,lbw b Rabada,22,44,78,3,1,50.0,Bangladesh,23rd-Match,1384414
Najmul Hossain Shanto,c Klaasen b Jansen,0,1,1,0,0,0.0,Bangladesh,23rd-Match,1384414
Shakib Al Hasan,c Klaasen b Williams,1,4,4,0,0,25.0,Bangladesh,23rd-Match,1384414
Mushfiqur Rahim,c sub (AL Phehlukwayo) b Coetzee,8,17,24,1,0,47.05,Bangladesh,23rd-Match,1384414
Mahmudullah,c Jansen b Coetzee,111,111,150,11,4,100.0,Bangladesh,23rd-Match,1384414
Mehidy Hasan Miraz,c sub (AL Phehlukwayo) b Maharaj,11,19,26,1,0,57.89,Bangladesh,23rd-Match,1384414
Nasum Ahmed,c & b Coetzee,19,19,27,3,0,100.0,Bangladesh,23rd-Match,1384414
Hasan Mahmud,c Coetzee b Rabada,15,25,32,2,0,60.0,Bangladesh,23rd-Match,1384414
Mustafizur Rahman,c Miller b Williams,11,21,51,2,0,52.38,Bangladesh,23rd-Match,1384414
Shoriful Islam,not out,6,4,4,1,0,150.0,Bangladesh,23rd-Match,1384414
batsmen,wicket,runs_scored,balls_faced,minutes_played,fours,sixes,strike_rate,country,match_name,scorecard_id
Abdullah Shafique,lbw b Noor Ahmad,58,75,89,5,2,77.33,Pakistan,22nd-Match,1384413
Imam-ul-Haq,c Naveen-ul-Haq b Azmatullah Omarzai,17,22,44,2,0,77.27,Pakistan,22nd-Match,1384413
Babar Azam,c Mohammad Nabi b Noor Ahmad,74,92,121,4,1,80.43,Pakistan,22nd-Match,1384413
Mohammad Rizwan,c Mujeeb Ur Rahman b Noor Ahmad,8,10,8,0,1,80.0,Pakistan,22nd-Match,1384413
Saud Shakeel,c Rashid Khan b Mohammad Nabi,25,34,35,3,0,73.52,Pakistan,22nd-Match,1384413
Shadab Khan,c Mohammad Nabi b Naveen-ul-Haq,40,38,75,1,1,105.26,Pakistan,22nd-Match,1384413
Iftikhar Ahmed,c Azmatullah Omarzai b Naveen-ul-Haq,40,27,40,2,4,148.14,Pakistan,22nd-Match,1384413
Shaheen Shah Afridi,not out,3,3,4,0,0,100.0,Pakistan,22nd-Match,1384413
Rahmanullah Gurbaz,c Usama Mir b Shaheen Shah Afridi,65,53,91,9,1,122.64,Afghanistan,22nd-Match,1384413
Ibrahim Zadran,c Mohammad Rizwan b Hasan Ali,87,113,146,10,0,76.99,Afghanistan,22nd-Match,1384413
Rahmat Shah,not out,77,84,129,5,2,91.66,Afghanistan,22nd-Match,1384413
Hashmatullah Shahidi,not out,48,45,74,4,0,106.66,Afghanistan,22nd-Match,1384413
batsmen,wicket,runs_scored,balls_faced,minutes_played,fours,sixes,strike_rate,country,match_name,scorecard_id
Devon Conway,c Iyer b Mohammed Siraj,0,9,16,0,0,0.0,New Zealand,21st-Match,1384412
Will Young,b Mohammed Shami,17,27,41,3,0,62.96,New Zealand,21st-Match,1384412
Rachin Ravindra,c Shubman Gill b Mohammed Shami,75,87,133,6,1,86.2,New Zealand,21st-Match,1384412
Daryl Mitchell,c Kohli b Mohammed Shami,130,127,192,9,5,102.36,New Zealand,21st-Match,1384412
Tom Latham,lbw b Kuldeep Yadav,5,7,16,1,0,71.42,New Zealand,21st-Match,1384412
Glenn Phillips,c Sharma b Kuldeep Yadav,23,26,36,0,1,88.46,New Zealand,21st-Match,1384412
Mark Chapman,c Kohli b Bumrah,6,8,11,0,0,75.0,New Zealand,21st-Match,1384412
Mitchell Santner,b Mohammed Shami,1,2,3,0,0,50.0,New Zealand,21st-Match,1384412
Matt Henry,b Mohammed Shami,0,1,1,0,0,0.0,New Zealand,21st-Match,1384412
Lockie Ferguson,run out (Rahul),1,5,12,0,0,20.0,New Zealand,21st-Match,1384412
Trent Boult,not out,0,1,1,0,0,0.0,New Zealand,21st-Match,1384412
Rohit Sharma,b Ferguson,46,40,44,4,4,115.0,India,21st-Match,1384412
Shubman Gill,c Mitchell b Ferguson,26,31,53,5,0,83.87,India,21st-Match,1384412
Virat Kohli,c Phillips b Henry,95,104,154,8,2,91.34,India,21st-Match,1384412
Shreyas Iyer,c Conway b Boult,33,29,32,6,0,113.79,India,21st-Match,1384412
KL Rahul,lbw b Santner,27,35,43,3,0,77.14,India,21st-Match,1384412
Suryakumar Yadav,run out (Santner/Boult/Latham),2,4,8,0,0,50.0,India,21st-Match,1384412
Ravindra Jadeja,not out,39,44,63,3,1,88.63,India,21st-Match,1384412
Mohammed Shami,not out,1,1,2,0,0,100.0,India,21st-Match,1384412
batsmen,wicket,runs_scored,balls_faced,minutes_played,fours,sixes,strike_rate,country,match_name,scorecard_id
Quinton de Kock,c Buttler b Topley,4,2,3,1,0,200.0,South Africa,20th-Match,1384411
Reeza Hendricks,b Rashid,85,75,111,9,3,113.33,South Africa,20th-Match,1384411
Rassie van der Dussen,c Bairstow b Rashid,60,61,86,8,0,98.36,South Africa,20th-Match,1384411
Aiden Markram,c Bairstow b Topley,42,44,63,4,0,95.45,South Africa,20th-Match,1384411
Heinrich Klaasen,b Atkinson,109,67,119,12,4,162.68,South Africa,20th-Match,1384411
David Miller,c Stokes b Topley,5,6,7,1,0,83.33,South Africa,20th-Match,1384411
Marco Jansen,not out,75,42,72,3,6,178.57,South Africa,20th-Match,1384411
Gerald Coetzee,c sub (LS Livingstone) b Atkinson,3,3,2,0,0,100.0,South Africa,20th-Match,1384411
Keshav Maharaj,not out,1,1,1,0,0,100.0,South Africa,20th-Match,1384411
Jonny Bairstow,c van der Dussen b Ngidi,10,12,13,1,1,83.33,England,20th-Match,1384411
Dawid Malan,c de Kock b Jansen,6,11,30,1,0,54.54,England,20th-Match,1384411
Joe Root,c Miller b Jansen,2,6,9,0,0,33.33,England,20th-Match,1384411
Ben Stokes,c & b Rabada,5,8,20,1,0,62.5,England,20th-Match,1384411
Harry Brook,lbw b Coetzee,17,25,33,2,1,68.0,England,20th-Match,1384411
Jos Buttler,c de Kock b Coetzee,15,7,14,2,1,214.28,England,20th-Match,1384411
David Willey,c Rabada b Ngidi,12,12,24,1,1,100.0,England,20th-Match,1384411
Adil Rashid,c Hendricks b Coetzee,10,14,14,1,0,71.42,England,20th-Match,1384411
Gus Atkinson,b Maharaj,35,21,31,7,0,166.66,England,20th-Match,1384411
Mark Wood,not out,43,17,25,2,5,252.94,England,20th-Match,1384411
Reece Topley,absent hurt,0,0,0,0,0,0.0,England,20th-Match,1384411
batsmen,wicket,runs_scored,balls_faced,minutes_played,fours,sixes,strike_rate,country,match_name,scorecard_id
Vikramjit Singh,lbw b Rajitha,4,13,17,1,0,30.76,Netherlands,19th-Match,1384410
Max O'Dowd,b Rajitha,16,27,50,1,1,59.25,Netherlands,19th-Match,1384410
Colin Ackermann,c Mendis b Rajitha,29,31,42,5,0,93.54,Netherlands,19th-Match,1384410
Bas de Leede,c Perera b Madushanka,6,21,33,0,0,28.57,Netherlands,19th-Match,1384410
Teja Nidamanuru,lbw b Madushanka,9,16,32,0,0,56.25,Netherlands,19th-Match,1384410
Scott Edwards,b Theekshana,16,16,22,0,0,100.0,Netherlands,19th-Match,1384410
Sybrand Engelbrecht,b Madushanka,70,82,100,4,1,85.36,Netherlands,19th-Match,1384410
Logan van Beek,c Asalanka b Rajitha,59,75,108,1,1,78.66,Netherlands,19th-Match,1384410
Roelof van der Merwe,c Mendis b Madushanka,7,7,12,0,0,100.0,Netherlands,19th-Match,1384410
Aryan Dutt,not out,9,6,14,1,0,150.0,Netherlands,19th-Match,1384410
Paul van Meekeren,run out (Mendis/Madushanka),4,5,6,0,0,80.0,Netherlands,19th-Match,1384410
Pathum Nissanka,c Edwards b van Meekeren,54,52,69,9,0,103.84,Sri Lanka,19th-Match,1384410
Kusal Perera,c de Leede b Dutt,5,8,17,1,0,62.5,Sri Lanka,19th-Match,1384410
Kusal Mendis,c van Meekeren b Dutt,11,17,22,2,0,64.7,Sri Lanka,19th-Match,1384410
Sadeera Samarawickrama,not out,91,107,168,7,0,85.04,Sri Lanka,19th-Match,1384410
Charith Asalanka,b Dutt,44,66,70,2,1,66.66,Sri Lanka,19th-Match,1384410
Dhananjaya de Silva,b Ackermann,30,37,57,1,2,81.08,Sri Lanka,19th-Match,1384410
Dushan Hemantha,not out,4,3,7,1,0,133.33,Sri Lanka,19th-Match,1384410
batsmen,wicket,runs_scored,balls_faced,minutes_played,fours,sixes,strike_rate,country,match_name,scorecard_id
David Warner,c sub (Shadab Khan) b Haris Rauf,163,124,180,14,9,131.45,Australia,18th-Match,1384409
Mitchell Marsh,c Usama Mir b Shaheen Shah Afridi,121,108,139,10,9,112.03,Australia,18th-Match,1384409
Glenn Maxwell,c Babar Azam b Shaheen Shah Afridi,0,1,1,0,0,0.0,Australia,18th-Match,1384409
Steven Smith,c & b Usama Mir,7,9,17,0,0,77.77,Australia,18th-Match,1384409
Marcus Stoinis,lbw b Shaheen Shah Afridi,21,24,46,1,1,87.5,Australia,18th-Match,1384409
Josh Inglis,c Mohammad Rizwan b Haris Rauf,13,9,10,3,0,144.44,Australia,18th-Match,1384409
Marnus Labuschagne,c sub (Shadab Khan) b Haris Rauf,8,12,23,1,0,66.66,Australia,18th-Match,1384409
Pat Cummins,not out,6,8,17,0,0,75.0,Australia,18th-Match,1384409
Mitchell Starc,c Saud Shakeel b Shaheen Shah Afridi,2,3,3,0,0,66.66,Australia,18th-Match,1384409
Josh Hazlewood,c Mohammad Rizwan b Shaheen Shah Afridi,0,1,1,0,0,0.0,Australia,18th-Match,1384409
Adam Zampa,not out,1,1,4,0,0,100.0,Australia,18th-Match,1384409
Abdullah Shafique,c Maxwell b Stoinis,64,61,93,7,2,104.91,Pakistan,18th-Match,1384409
Imam-ul-Haq,c Starc b Stoinis,70,71,107,10,0,98.59,Pakistan,18th-Match,1384409
Babar Azam,c Cummins b Zampa,18,14,27,3,0,128.57,Pakistan,18th-Match,1384409
Mohammad Rizwan,lbw b Zampa,46,40,84,5,0,115.0,Pakistan,18th-Match,1384409
Saud Shakeel,c Stoinis b Cummins,30,31,37,5,0,96.77,Pakistan,18th-Match,1384409
Iftikhar Ahmed,lbw b Zampa,26,20,22,0,3,130.0,Pakistan,18th-Match,1384409
Mohammad Nawaz,st Inglis b Zampa,14,16,19,0,1,87.5,Pakistan,18th-Match,1384409
Usama Mir,c Starc b Hazlewood,0,3,4,0,0,0.0,Pakistan,18th-Match,1384409
Shaheen Shah Afridi,c Labuschagne b Cummins,10,8,17,2,0,125.0,Pakistan,18th-Match,1384409
Hasan Ali,c Inglis b Starc,8,8,7,2,0,100.0,Pakistan,18th-Match,1384409
Haris Rauf,not out,0,1,3,0,0,0.0,Pakistan,18th-Match,1384409
batsmen,wicket,runs_scored,balls_faced,minutes_played,fours,sixes,strike_rate,country,match_name,scorecard_id
Tanzid Hasan,lbw b Kuldeep Yadav,51,43,75,5,3,118.6,Bangladesh,17th-Match,1384408
Litton Das,c Shubman Gill b Jadeja,66,82,124,7,0,80.48,Bangladesh,17th-Match,1384408
Najmul Hossain Shanto,lbw b Jadeja,8,17,18,0,0,47.05,Bangladesh,17th-Match,1384408
Mehidy Hasan Miraz,c Rahul b Mohammed Siraj,3,13,15,0,0,23.07,Bangladesh,17th-Match,1384408
Towhid Hridoy,c Shubman Gill b Thakur,16,35,54,0,0,45.71,Bangladesh,17th-Match,1384408
Mushfiqur Rahim,c Jadeja b Bumrah,38,46,60,1,1,82.6,Bangladesh,17th-Match,1384408
Mahmudullah,b Bumrah,46,36,60,3,3,127.77,Bangladesh,17th-Match,1384408
Nasum Ahmed,c Rahul b Mohammed Siraj,14,18,21,2,0,77.77,Bangladesh,17th-Match,1384408
Mustafizur Rahman,not out,1,7,19,0,0,14.28,Bangladesh,17th-Match,1384408
Shoriful Islam,not out,7,3,2,0,1,233.33,Bangladesh,17th-Match,1384408
Rohit Sharma,c Towhid Hridoy b Hasan Mahmud,48,40,51,7,2,120.0,India,17th-Match,1384408
Shubman Gill,c Mahmudullah b Mehidy Hasan Miraz,53,55,80,5,2,96.36,India,17th-Match,1384408
Virat Kohli,not out,103,97,113,6,4,106.18,India,17th-Match,1384408
Shreyas Iyer,c Mahmudullah b Mehidy Hasan Miraz,19,25,38,2,0,76.0,India,17th-Match,1384408
KL Rahul,not out,34,34,44,3,1,100.0,India,17th-Match,1384408
batsmen,wicket,runs_scored,balls_faced,minutes_played,fours,sixes,strike_rate,country,match_name,scorecard_id
Devon Conway,lbw b Mujeeb Ur Rahman,20,18,27,3,0,111.11,New Zealand,16th-Match,1384407
Will Young,c Ikram Alikhil b Azmatullah Omarzai,54,64,98,4,3,84.37,New Zealand,16th-Match,1384407
Rachin Ravindra,b Azmatullah Omarzai,32,41,64,2,1,78.04,New Zealand,16th-Match,1384407
Daryl Mitchell,c Ibrahim Zadran b Rashid Khan,1,7,6,0,0,14.28,New Zealand,16th-Match,1384407
Tom Latham,b Naveen-ul-Haq,68,74,114,3,2,91.89,New Zealand,16th-Match,1384407
Glenn Phillips,c Rashid Khan b Naveen-ul-Haq,71,80,109,4,4,88.75,New Zealand,16th-Match,1384407
Mark Chapman,not out,25,12,15,2,1,208.33,New Zealand,16th-Match,1384407
Mitchell Santner,not out,7,5,13,1,0,140.0,New Zealand,16th-Match,1384407
Rahmanullah Gurbaz,b Henry,11,21,24,0,1,52.38,Afghanistan,16th-Match,1384407
Ibrahim Zadran,c Santner b Boult,14,15,27,2,0,93.33,Afghanistan,16th-Match,1384407
Rahmat Shah,c & b Ravindra,36,62,86,1,0,58.06,Afghanistan,16th-Match,1384407
Hashmatullah Shahidi,c Santner b Ferguson,8,29,30,1,0,27.58,Afghanistan,16th-Match,1384407
Azmatullah Omarzai,c Latham b Boult,27,32,39,2,0,84.37,Afghanistan,16th-Match,1384407
Ikram Alikhil,not out,19,21,42,3,0,90.47,Afghanistan,16th-Match,1384407
Mohammad Nabi,b Santner,7,9,10,1,0,77.77,Afghanistan,16th-Match,1384407
Rashid Khan,c Mitchell b Ferguson,8,13,10,0,1,61.53,Afghanistan,16th-Match,1384407
Mujeeb Ur Rahman,c Young b Ferguson,4,3,2,1,0,133.33,Afghanistan,16th-Match,1384407
Naveen-ul-Haq,c Chapman b Santner,0,1,1,0,0,0.0,Afghanistan,16th-Match,1384407
Fazalhaq Farooqi,c Mitchell b Santner,0,2,1,0,0,0.0,Afghanistan,16th-Match,1384407
batsmen,wicket,runs_scored,balls_faced,minutes_played,fours,sixes,strike_rate,country,match_name,scorecard_id
Vikramjit Singh,c Klaasen b Rabada,2,16,28,0,0,12.5,Netherlands,15th-Match,1384406
Max O'Dowd,c de Kock b Jansen,18,25,33,4,0,72.0,Netherlands,15th-Match,1384406
Colin Ackermann,b Coetzee,12,25,40,1,0,48.0,Netherlands,15th-Match,1384406
Bas de Leede,lbw b Rabada,2,7,16,0,0,28.57,Netherlands,15th-Match,1384406
Sybrand Engelbrecht,c Jansen b Ngidi,19,37,41,1,1,51.35,Netherlands,15th-Match,1384406
Teja Nidamanuru,lbw b Jansen,20,25,56,3,0,80.0,Netherlands,15th-Match,1384406
Scott Edwards,not out,78,69,102,10,1,113.04,Netherlands,15th-Match,1384406
Logan van Beek,st de Kock b Maharaj,10,27,22,1,0,37.03,Netherlands,15th-Match,1384406
Roelof van der Merwe,c de Kock b Ngidi,29,19,30,3,1,152.63,Netherlands,15th-Match,1384406
Aryan Dutt,not out,23,9,14,0,3,255.55,Netherlands,15th-Match,1384406
Temba Bavuma,b van der Merwe,16,31,35,2,1,51.61,South Africa,15th-Match,1384406
Quinton de Kock,c Edwards b Ackermann,20,22,28,3,0,90.9,South Africa,15th-Match,1384406
Rassie van der Dussen,c Dutt b van der Merwe,4,7,16,0,0,57.14,South Africa,15th-Match,1384406
Aiden Markram,b van Meekeren,1,3,4,0,0,33.33,South Africa,15th-Match,1384406
Heinrich Klaasen,c Vikramjit Singh b van Beek,28,28,36,4,0,100.0,South Africa,15th-Match,1384406
David Miller,b van Beek,43,52,81,4,1,82.69,South Africa,15th-Match,1384406
Marco Jansen,b van Meekeren,9,25,22,0,0,36.0,South Africa,15th-Match,1384406
Gerald Coetzee,c Edwards b de Leede,22,23,33,2,1,95.65,South Africa,15th-Match,1384406
Keshav Maharaj,c Edwards b van Beek,40,37,54,5,1,108.1,South Africa,15th-Match,1384406
Kagiso Rabada,c Engelbrecht b de Leede,9,6,9,0,1,150.0,South Africa,15th-Match,1384406
Lungi Ngidi,not out,7,24,35,0,0,29.16,South Africa,15th-Match,1384406
batsmen,wicket,runs_scored,balls_faced,minutes_played,fours,sixes,strike_rate,country,match_name,scorecard_id
Pathum Nissanka,c Warner b Cummins,61,67,103,8,0,91.04,Sri Lanka,14th-Match,1384405
Kusal Perera,b Cummins,78,82,123,12,0,95.12,Sri Lanka,14th-Match,1384405
Kusal Mendis,c Warner b Zampa,9,13,27,0,0,69.23,Sri Lanka,14th-Match,1384405
Sadeera Samarawickrama,lbw b Zampa,8,8,15,1,0,100.0,Sri Lanka,14th-Match,1384405
Charith Asalanka,c Labuschagne b Maxwell,25,39,75,0,1,64.1,Sri Lanka,14th-Match,1384405
Dhananjaya de Silva,b Starc,7,13,13,1,0,53.84,Sri Lanka,14th-Match,1384405
Dunith Wellalage,run out (Cummins),2,9,9,0,0,22.22,Sri Lanka,14th-Match,1384405
Chamika Karunaratne,lbw b Zampa,2,11,12,0,0,18.18,Sri Lanka,14th-Match,1384405
Maheesh Theekshana,lbw b Zampa,0,5,7,0,0,0.0,Sri Lanka,14th-Match,1384405
Lahiru Kumara,b Starc,4,8,6,1,0,50.0,Sri Lanka,14th-Match,1384405
Dilshan Madushanka,not out,0,6,12,0,0,0.0,Sri Lanka,14th-Match,1384405
Mitchell Marsh,run out (Karunaratne/Mendis),52,51,67,9,0,101.96,Australia,14th-Match,1384405
David Warner,lbw b Madushanka,11,6,16,0,1,183.33,Australia,14th-Match,1384405
Steven Smith,lbw b Madushanka,0,5,4,0,0,0.0,Australia,14th-Match,1384405
Marnus Labuschagne,c Karunaratne b Madushanka,40,60,100,2,0,66.66,Australia,14th-Match,1384405
Josh Inglis,c Theekshana b Wellalage,58,59,75,5,1,98.3,Australia,14th-Match,1384405
Glenn Maxwell,not out,31,21,30,4,2,147.61,Australia,14th-Match,1384405
Marcus Stoinis,not out,20,10,10,2,1,200.0,Australia,14th-Match,1384405
batsmen,wicket,runs_scored,balls_faced,minutes_played,fours,sixes,strike_rate,country,match_name,scorecard_id
Rahmanullah Gurbaz,run out (sub [DJ Willey]/Buttler),80,57,87,8,4,140.35,Afghanistan,13th-Match,1384404
Ibrahim Zadran,c Root b Rashid,28,48,73,3,0,58.33,Afghanistan,13th-Match,1384404
Rahmat Shah,st Buttler b Rashid,3,8,10,0,0,37.5,Afghanistan,13th-Match,1384404
Hashmatullah Shahidi,b Root,14,36,46,0,0,38.88,Afghanistan,13th-Match,1384404
Azmatullah Omarzai,c Woakes b Livingstone,19,24,25,1,1,79.16,Afghanistan,13th-Match,1384404
Ikram Alikhil,c Curran b Topley,58,66,92,3,2,87.87,Afghanistan,13th-Match,1384404
Mohammad Nabi,c Root b Wood,9,15,14,1,0,60.0,Afghanistan,13th-Match,1384404
Rashid Khan,c Root b Rashid,23,22,37,3,0,104.54,Afghanistan,13th-Match,1384404
Mujeeb Ur Rahman,c Root b Wood,28,16,22,3,1,175.0,Afghanistan,13th-Match,1384404
Naveen-ul-Haq,run out (Buttler),5,6,9,1,0,83.33,Afghanistan,13th-Match,1384404
Fazalhaq Farooqi,not out,2,4,7,0,0,50.0,Afghanistan,13th-Match,1384404
Jonny Bairstow,lbw b Fazalhaq Farooqi,2,4,5,0,0,50.0,England,13th-Match,1384404
Dawid Malan,c Ibrahim Zadran b Mohammad Nabi,32,39,61,4,0,82.05,England,13th-Match,1384404
Joe Root,b Mujeeb Ur Rahman,11,17,23,2,0,64.7,England,13th-Match,1384404
Harry Brook,c Ikram Alikhil b Mujeeb Ur Rahman,66,61,123,7,1,108.19,England,13th-Match,1384404
Jos Buttler,b Naveen-ul-Haq,9,18,21,1,0,50.0,England,13th-Match,1384404
Liam Livingstone,lbw b Rashid Khan,10,14,15,1,0,71.42,England,13th-Match,1384404
Sam Curran,c Rahmat Shah b Mohammad Nabi,10,23,22,0,0,43.47,England,13th-Match,1384404
Chris Woakes,b Mujeeb Ur Rahman,9,26,21,1,0,34.61,England,13th-Match,1384404
Adil Rashid,c Mohammad Nabi b Rashid Khan,20,13,24,2,0,153.84,England,13th-Match,1384404
Mark Wood,b Rashid Khan,18,22,26,3,0,81.81,England,13th-Match,1384404
Reece Topley,not out,15,7,8,3,0,214.28,England,13th-Match,1384404
batsmen,wicket,runs_scored,balls_faced,minutes_played,fours,sixes,strike_rate,country,match_name,scorecard_id
Abdullah Shafique,lbw b Mohammed Siraj,20,24,39,3,0,83.33,Pakistan,12th-Match,1384403
Imam-ul-Haq,c Rahul b Pandya,36,38,64,6,0,94.73,Pakistan,12th-Match,1384403
Babar Azam,b Mohammed Siraj,50,58,89,7,0,86.2,Pakistan,12th-Match,1384403
Mohammad Rizwan,b Bumrah,49,69,89,7,0,71.01,Pakistan,12th-Match,1384403
Saud Shakeel,lbw b Kuldeep Yadav,6,10,12,0,0,60.0,Pakistan,12th-Match,1384403
Iftikhar Ahmed,b Kuldeep Yadav,4,4,2,1,0,100.0,Pakistan,12th-Match,1384403
Shadab Khan,b Bumrah,2,5,11,0,0,40.0,Pakistan,12th-Match,1384403
Mohammad Nawaz,c Bumrah b Pandya,4,14,25,0,0,28.57,Pakistan,12th-Match,1384403
Hasan Ali,c Shubman Gill b Jadeja,12,19,21,2,0,63.15,Pakistan,12th-Match,1384403
Shaheen Shah Afridi,not out,2,10,12,0,0,20.0,Pakistan,12th-Match,1384403
Haris Rauf,lbw b Jadeja,2,6,9,0,0,33.33,Pakistan,12th-Match,1384403
Rohit Sharma,c Iftikhar Ahmed b Shaheen Shah Afridi,86,63,91,6,6,136.5,India,12th-Match,1384403
Shubman Gill,c Shadab Khan b Shaheen Shah Afridi,16,11,11,4,0,145.45,India,12th-Match,1384403
Virat Kohli,c Mohammad Nawaz b Hasan Ali,16,18,31,3,0,88.88,India,12th-Match,1384403
Shreyas Iyer,not out,53,62,80,3,2,85.48,India,12th-Match,1384403
KL Rahul,not out,19,29,33,2,0,65.51,India,12th-Match,1384403
batsmen,wicket,runs_scored,balls_faced,minutes_played,fours,sixes,strike_rate,country,match_name,scorecard_id
Litton Das,c Henry b Boult,0,1,1,0,0,0.0,Bangladesh,11th-Match,1384402
Tanzid Hasan,c Conway b Ferguson,16,17,37,4,0,94.11,Bangladesh,11th-Match,1384402
Mehidy Hasan Miraz,c Henry b Ferguson,30,46,52,4,0,65.21,Bangladesh,11th-Match,1384402
Najmul Hossain Shanto,c Conway b Phillips,7,8,20,1,0,87.5,Bangladesh,11th-Match,1384402
Shakib Al Hasan,c Latham b Ferguson,40,51,75,3,2,78.43,Bangladesh,11th-Match,1384402
Mushfiqur Rahim,b Henry,66,75,93,6,2,88.0,Bangladesh,11th-Match,1384402
Towhid Hridoy,c Santner b Boult,13,25,30,0,0,52.0,Bangladesh,11th-Match,1384402
Mahmudullah,not out,41,49,58,2,2,83.67,Bangladesh,11th-Match,1384402
Taskin Ahmed,c Mitchell b Santner,17,19,25,0,2,89.47,Bangladesh,11th-Match,1384402
Mustafizur Rahman,c Latham b Henry,4,10,14,0,0,40.0,Bangladesh,11th-Match,1384402
Shoriful Islam,not out,2,3,9,0,0,66.66,Bangladesh,11th-Match,1384402
Devon Conway,lbw b Shakib Al Hasan,45,59,91,3,0,76.27,New Zealand,11th-Match,1384402
Rachin Ravindra,c Mushfiqur Rahim b Mustafizur Rahman,9,13,12,2,0,69.23,New Zealand,11th-Match,1384402
Kane Williamson,retired hurt,78,107,158,8,1,72.89,New Zealand,11th-Match,1384402
Daryl Mitchell,not out,89,67,103,6,4,132.83,New Zealand,11th-Match,1384402
Glenn Phillips,not out,16,11,22,1,1,145.45,New Zealand,11th-Match,1384402
batsmen,wicket,runs_scored,balls_faced,minutes_played,fours,sixes,strike_rate,country,match_name,scorecard_id
Quinton de Kock,b Maxwell,109,106,147,8,5,102.83,South Africa,10th-Match,1384401
Temba Bavuma,c Warner b Maxwell,35,55,84,2,0,63.63,South Africa,10th-Match,1384401
Rassie van der Dussen,c sub (SA Abbott) b Zampa,26,30,33,2,0,86.66,South Africa,10th-Match,1384401
Aiden Markram,c Hazlewood b Cummins,56,44,61,7,1,127.27,South Africa,10th-Match,1384401
Heinrich Klaasen,c Inglis b Hazlewood,29,27,40,3,0,107.4,South Africa,10th-Match,1384401
David Miller,b Starc,17,13,35,1,1,130.76,South Africa,10th-Match,1384401
Marco Jansen,c Warner b Starc,26,22,25,3,1,118.18,South Africa,10th-Match,1384401
Kagiso Rabada,not out,0,1,4,0,0,0.0,South Africa,10th-Match,1384401
Keshav Maharaj,not out,0,2,1,0,0,0.0,South Africa,10th-Match,1384401
Mitchell Marsh,c Bavuma b Jansen,7,15,27,0,0,46.66,Australia,10th-Match,1384401
David Warner,c van der Dussen b Ngidi,13,27,33,2,0,48.14,Australia,10th-Match,1384401
Steven Smith,lbw b Rabada,19,16,20,4,0,118.75,Australia,10th-Match,1384401
Marnus Labuschagne,c Bavuma b Maharaj,46,74,125,3,0,62.16,Australia,10th-Match,1384401
Josh Inglis,b Rabada,5,4,5,1,0,125.0,Australia,10th-Match,1384401
Glenn Maxwell,c & b Maharaj,3,17,17,0,0,17.64,Australia,10th-Match,1384401
Marcus Stoinis,c de Kock b Rabada,5,4,6,1,0,125.0,Australia,10th-Match,1384401
Mitchell Starc,c de Kock b Jansen,27,51,69,3,0,52.94,Australia,10th-Match,1384401
Pat Cummins,c Miller b Shamsi,22,21,29,4,0,104.76,Australia,10th-Match,1384401
Adam Zampa,not out,11,16,25,1,0,68.75,Australia,10th-Match,1384401
Josh Hazlewood,c Rabada b Shamsi,2,2,1,0,0,100.0,Australia,10th-Match,1384401
batsmen,wicket,runs_scored,balls_faced,minutes_played,fours,sixes,strike_rate,country,match_name,scorecard_id
Rahmanullah Gurbaz,c Thakur b Pandya,21,28,65,3,1,75.0,Afghanistan,9th-Match,1384400
Ibrahim Zadran,c Rahul b Bumrah,22,28,31,4,0,78.57,Afghanistan,9th-Match,1384400
Rahmat Shah,lbw b Thakur,16,22,37,3,0,72.72,Afghanistan,9th-Match,1384400
Hashmatullah Shahidi,lbw b Kuldeep Yadav,80,88,128,8,1,90.9,Afghanistan,9th-Match,1384400
Azmatullah Omarzai,b Pandya,62,69,82,2,4,89.85,Afghanistan,9th-Match,1384400
Mohammad Nabi,lbw b Bumrah,19,27,52,1,0,70.37,Afghanistan,9th-Match,1384400
Najibullah Zadran,c Kohli b Bumrah,2,8,6,0,0,25.0,Afghanistan,9th-Match,1384400
Rashid Khan,c Kuldeep Yadav b Bumrah,16,12,18,1,1,133.33,Afghanistan,9th-Match,1384400
Mujeeb Ur Rahman,not out,10,12,22,2,0,83.33,Afghanistan,9th-Match,1384400
Naveen-ul-Haq,not out,9,8,8,1,0,112.5,Afghanistan,9th-Match,1384400
Rohit Sharma,b Rashid Khan,131,84,111,16,5,155.95,India,9th-Match,1384400
Ishan Kishan,c Ibrahim Zadran b Rashid Khan,47,47,78,5,2,100.0,India,9th-Match,1384400
Virat Kohli,not out,55,56,64,6,0,98.21,India,9th-Match,1384400
Shreyas Iyer,not out,25,23,31,1,1,108.69,India,9th-Match,1384400
batsmen,wicket,runs_scored,balls_faced,minutes_played,fours,sixes,strike_rate,country,match_name,scorecard_id
Pathum Nissanka,c Abdullah Shafique b Shadab Khan,51,61,79,7,1,83.6,Sri Lanka,8th-Match,1384399
Kusal Perera,c Mohammad Rizwan b Hasan Ali,0,4,7,0,0,0.0,Sri Lanka,8th-Match,1384399
Kusal Mendis,c Imam-ul-Haq b Hasan Ali,122,77,124,14,6,158.44,Sri Lanka,8th-Match,1384399
Sadeera Samarawickrama,c Mohammad Rizwan b Hasan Ali,108,89,139,11,2,121.34,Sri Lanka,8th-Match,1384399
Charith Asalanka,c Mohammad Rizwan b Hasan Ali,1,3,5,0,0,33.33,Sri Lanka,8th-Match,1384399
Dhananjaya de Silva,c Shaheen Shah Afridi b Mohammad Nawaz,25,34,47,3,0,73.52,Sri Lanka,8th-Match,1384399
Dasun Shanaka,c Babar Azam b Shaheen Shah Afridi,12,18,23,0,0,66.66,Sri Lanka,8th-Match,1384399
Dunith Wellalage,c Abdullah Shafique b Haris Rauf,10,8,18,1,0,125.0,Sri Lanka,8th-Match,1384399
Maheesh Theekshana,b Haris Rauf,0,4,6,0,0,0.0,Sri Lanka,8th-Match,1384399
Matheesha Pathirana,not out,1,3,3,0,0,33.33,Sri Lanka,8th-Match,1384399
Abdullah Shafique,c sub (MADI Hemantha) b Pathirana,113,103,150,10,3,109.7,Pakistan,8th-Match,1384399
Imam-ul-Haq,c Perera b Madushanka,12,12,15,1,0,100.0,Pakistan,8th-Match,1384399
Babar Azam,c Samarawickrama b Madushanka,10,15,17,1,0,66.66,Pakistan,8th-Match,1384399
Mohammad Rizwan,not out,131,121,193,8,3,108.26,Pakistan,8th-Match,1384399
Saud Shakeel,c Wellalage b Theekshana,31,30,57,2,0,103.33,Pakistan,8th-Match,1384399
Iftikhar Ahmed,not out,22,10,18,4,0,220.0,Pakistan,8th-Match,1384399
batsmen,wicket,runs_scored,balls_faced,minutes_played,fours,sixes,strike_rate,country,match_name,scorecard_id
Jonny Bairstow,b Shakib Al Hasan,52,59,80,8,0,88.13,England,7th-Match,1384398
Dawid Malan,b Mahedi Hasan,140,107,106,16,5,130.84,England,7th-Match,1384398
Joe Root,c Mushfiqur Rahim b Shoriful Islam,82,68,107,8,1,120.58,England,7th-Match,1384398
Jos Buttler,b Shoriful Islam,20,10,11,1,1,200.0,England,7th-Match,1384398
Harry Brook,c Litton Das b Mahedi Hasan,20,15,23,3,0,133.33,England,7th-Match,1384398
Liam Livingstone,b Shoriful Islam,0,1,1,0,0,0.0,England,7th-Match,1384398
Sam Curran,c Najmul Hossain Shanto b Mahedi Hasan,11,15,20,1,0,73.33,England,7th-Match,1384398
Chris Woakes,c Mahedi Hasan b Taskin Ahmed,14,11,21,2,0,127.27,England,7th-Match,1384398
Adil Rashid,c Najmul Hossain Shanto b Mahedi Hasan,11,7,8,1,0,157.14,England,7th-Match,1384398
Mark Wood,not out,6,5,6,1,0,120.0,England,7th-Match,1384398
Reece Topley,not out,1,2,2,0,0,50.0,England,7th-Match,1384398
Litton Das,c Buttler b Woakes,76,66,99,7,2,115.15,Bangladesh,7th-Match,1384398
Tanzid Hasan,c Bairstow b Topley,1,2,7,0,0,50.0,Bangladesh,7th-Match,1384398
Najmul Hossain Shanto,c Livingstone b Topley,0,1,1,0,0,0.0,Bangladesh,7th-Match,1384398
Shakib Al Hasan,b Topley,1,9,16,0,0,11.11,Bangladesh,7th-Match,1384398
Mehidy Hasan Miraz,c Buttler b Woakes,8,7,12,1,0,114.28,Bangladesh,7th-Match,1384398
Mushfiqur Rahim,c Rashid b Topley,51,64,93,4,0,79.68,Bangladesh,7th-Match,1384398
Towhid Hridoy,c Buttler b Livingstone,39,61,70,2,0,63.93,Bangladesh,7th-Match,1384398
Mahedi Hasan,b Rashid,14,32,39,1,0,43.75,Bangladesh,7th-Match,1384398
Taskin Ahmed,b Curran,15,25,35,0,1,60.0,Bangladesh,7th-Match,1384398
Shoriful Islam,b Wood,12,14,17,2,0,85.71,Bangladesh,7th-Match,1384398
Mustafizur Rahman,not out,3,9,12,0,0,33.33,Bangladesh,7th-Match,1384398
batsmen,wicket,runs_scored,balls_faced,minutes_played,fours,sixes,strike_rate,country,match_name,scorecard_id
Devon Conway,c de Leede b van der Merwe,32,40,51,5,1,80.0,New Zealand,6th-Match,1384397
Will Young,c de Leede b van Meekeren,70,80,106,7,2,87.5,New Zealand,6th-Match,1384397
Rachin Ravindra,c Edwards b van der Merwe,51,51,87,3,1,100.0,New Zealand,6th-Match,1384397
Daryl Mitchell,b van Meekeren,48,47,67,5,2,102.12,New Zealand,6th-Match,1384397
Tom Latham,st Edwards b Dutt,53,46,72,6,1,115.21,New Zealand,6th-Match,1384397
Glenn Phillips,c Edwards b de Leede,4,4,6,1,0,100.0,New Zealand,6th-Match,1384397
Mark Chapman,c van der Merwe b Dutt,5,13,11,0,0,38.46,New Zealand,6th-Match,1384397
Mitchell Santner,not out,36,17,25,3,2,211.76,New Zealand,6th-Match,1384397
Matt Henry,not out,10,4,6,0,1,250.0,New Zealand,6th-Match,1384397
Vikramjit Singh,b Henry,12,20,22,1,0,60.0,Netherlands,6th-Match,1384397
Max O'Dowd,lbw b Santner,16,31,40,2,0,51.61,Netherlands,6th-Match,1384397
Colin Ackermann,c Henry b Santner,69,73,98,5,0,94.52,Netherlands,6th-Match,1384397
Bas de Leede,c Boult b Ravindra,18,25,21,3,0,72.0,Netherlands,6th-Match,1384397
Teja Nidamanuru,run out (Ferguson/Latham),21,26,28,2,1,80.76,Netherlands,6th-Match,1384397
Scott Edwards,c & b Santner,30,27,37,2,1,111.11,Netherlands,6th-Match,1384397
Sybrand Engelbrecht,c Conway b Henry,29,34,55,3,0,85.29,Netherlands,6th-Match,1384397
Roelof van der Merwe,c Henry b Santner,1,6,9,0,0,16.66,Netherlands,6th-Match,1384397
Ryan Klein,lbw b Santner,8,15,23,0,0,53.33,Netherlands,6th-Match,1384397
Aryan Dutt,b Henry,11,20,19,0,1,55.0,Netherlands,6th-Match,1384397
Paul van Meekeren,not out,4,3,5,1,0,133.33,Netherlands,6th-Match,1384397
batsmen,wicket,runs_scored,balls_faced,minutes_played,fours,sixes,strike_rate,country,match_name,scorecard_id
David Warner,c & b Kuldeep Yadav,41,52,76,6,0,78.84,Australia,5th-Match,1384396
Mitchell Marsh,c Kohli b Bumrah,0,6,11,0,0,0.0,Australia,5th-Match,1384396
Steven Smith,b Jadeja,46,71,112,5,0,64.78,Australia,5th-Match,1384396
Marnus Labuschagne,c Rahul b Jadeja,27,41,58,1,0,65.85,Australia,5th-Match,1384396
Glenn Maxwell,b Kuldeep Yadav,15,25,44,1,0,60.0,Australia,5th-Match,1384396
Alex Carey,lbw b Jadeja,0,2,1,0,0,0.0,Australia,5th-Match,1384396
Cameron Green,c Pandya b Ashwin,8,20,31,0,0,40.0,Australia,5th-Match,1384396
Pat Cummins,c Iyer b Bumrah,15,24,26,1,1,62.5,Australia,5th-Match,1384396
Mitchell Starc,c Iyer b Mohammed Siraj,28,35,58,2,1,80.0,Australia,5th-Match,1384396
Adam Zampa,c Kohli b Pandya,6,20,28,0,0,30.0,Australia,5th-Match,1384396
Josh Hazlewood,not out,1,1,6,0,0,100.0,Australia,5th-Match,1384396
Rohit Sharma,lbw b Hazlewood,0,6,10,0,0,0.0,India,5th-Match,1384396
Ishan Kishan,c Green b Starc,0,1,3,0,0,0.0,India,5th-Match,1384396
Virat Kohli,c Labuschagne b Hazlewood,85,116,171,6,0,73.27,India,5th-Match,1384396
Shreyas Iyer,c Warner b Hazlewood,0,3,2,0,0,0.0,India,5th-Match,1384396
KL Rahul,not out,97,115,180,8,2,84.34,India,5th-Match,1384396
Hardik Pandya,not out,11,8,17,0,1,137.5,India,5th-Match,1384396
batsmen,wicket,runs_scored,balls_faced,minutes_played,fours,sixes,strike_rate,country,match_name,scorecard_id
Quinton de Kock,c de Silva b Pathirana,100,84,140,12,3,119.04,South Africa,4th-Match,1384395
Temba Bavuma,lbw b Madushanka,8,5,9,2,0,160.0,South Africa,4th-Match,1384395
Rassie van der Dussen,c Samarawickrama b Wellalage,108,110,161,13,2,98.18,South Africa,4th-Match,1384395
Aiden Markram,c Rajitha b Madushanka,106,54,84,14,3,196.29,South Africa,4th-Match,1384395
Heinrich Klaasen,c Shanaka b Rajitha,32,20,30,1,3,160.0,South Africa,4th-Match,1384395
David Miller,not out,39,21,36,3,2,185.71,South Africa,4th-Match,1384395
Marco Jansen,not out,12,7,15,0,1,171.42,South Africa,4th-Match,1384395
Pathum Nissanka,b Jansen,0,3,6,0,0,0.0,Sri Lanka,4th-Match,1384395
Kusal Perera,b Jansen,7,15,42,1,0,46.66,Sri Lanka,4th-Match,1384395
Kusal Mendis,c Klaasen b Rabada,76,42,55,4,8,180.95,Sri Lanka,4th-Match,1384395
Sadeera Samarawickrama,c Jansen b Coetzee,23,19,22,3,1,121.05,Sri Lanka,4th-Match,1384395
Charith Asalanka,c sub (RR Hendricks) b Ngidi,79,65,83,8,4,121.53,Sri Lanka,4th-Match,1384395
Dhananjaya de Silva,c sub (AL Phehlukwayo) b Maharaj,11,14,28,1,0,78.57,Sri Lanka,4th-Match,1384395
Dasun Shanaka,b Maharaj,68,62,86,6,3,109.67,Sri Lanka,4th-Match,1384395
Dunith Wellalage,c Klaasen b Coetzee,0,1,2,0,0,0.0,Sri Lanka,4th-Match,1384395
Kasun Rajitha,c Markram b Coetzee,33,31,52,4,1,106.45,Sri Lanka,4th-Match,1384395
Matheesha Pathirana,b Rabada,5,16,25,1,0,31.25,Sri Lanka,4th-Match,1384395
Dilshan Madushanka,not out,4,2,4,1,0,200.0,Sri Lanka,4th-Match,1384395
batsmen,wicket,runs_scored,balls_faced,minutes_played,fours,sixes,strike_rate,country,match_name,scorecard_id
Rahmanullah Gurbaz,c Tanzid Hasan b Mustafizur Rahman,47,62,112,4,1,75.8,Afghanistan,3rd-Match,1384394
Ibrahim Zadran,c Tanzid Hasan b Shakib Al Hasan,22,25,41,3,1,88.0,Afghanistan,3rd-Match,1384394
Rahmat Shah,c Litton Das b Shakib Al Hasan,18,25,30,1,0,72.0,Afghanistan,3rd-Match,1384394
Hashmatullah Shahidi,c Towhid Hridoy b Mehidy Hasan Miraz,18,38,34,2,0,47.36,Afghanistan,3rd-Match,1384394
Najibullah Zadran,b Shakib Al Hasan,5,13,16,0,0,38.46,Afghanistan,3rd-Match,1384394
Mohammad Nabi,b Taskin Ahmed,6,12,19,0,0,50.0,Afghanistan,3rd-Match,1384394
Azmatullah Omarzai,b Shoriful Islam,22,20,32,4,0,110.0,Afghanistan,3rd-Match,1384394
Rashid Khan,b Mehidy Hasan Miraz,9,16,16,1,0,56.25,Afghanistan,3rd-Match,1384394
Mujeeb Ur Rahman,b Mehidy Hasan Miraz,1,4,9,0,0,25.0,Afghanistan,3rd-Match,1384394
Naveen-ul-Haq,c Towhid Hridoy b Shoriful Islam,0,6,8,0,0,0.0,Afghanistan,3rd-Match,1384394
Fazalhaq Farooqi,not out,0,3,3,0,0,0.0,Afghanistan,3rd-Match,1384394
Tanzid Hasan,run out (Najibullah Zadran),5,13,19,1,0,38.46,Bangladesh,3rd-Match,1384394
Litton Das,b Fazalhaq Farooqi,13,18,29,2,0,72.22,Bangladesh,3rd-Match,1384394
Mehidy Hasan Miraz,c Rahmat Shah b Naveen-ul-Haq,57,73,89,5,0,78.08,Bangladesh,3rd-Match,1384394
Najmul Hossain Shanto,not out,59,83,112,3,1,71.08,Bangladesh,3rd-Match,1384394
Shakib Al Hasan,c Fazalhaq Farooqi b Azmatullah Omarzai,14,19,24,2,0,73.68,Bangladesh,3rd-Match,1384394
Mushfiqur Rahim,not out,2,3,6,0,0,66.66,Bangladesh,3rd-Match,1384394
batsmen,wicket,runs_scored,balls_faced,minutes_played,fours,sixes,strike_rate,country,match_name,scorecard_id
Fakhar Zaman,c & b van Beek,12,15,14,3,0,80.0,Pakistan,2nd-Match,1384393
Imam-ul-Haq,c Dutt b van Meekeren,15,19,40,2,0,78.94,Pakistan,2nd-Match,1384393
Babar Azam,c Saqib Zulfiqar b Ackermann,5,18,20,0,0,27.77,Pakistan,2nd-Match,1384393
Mohammad Rizwan,b de Leede,68,75,104,8,0,90.66,Pakistan,2nd-Match,1384393
Saud Shakeel,c Saqib Zulfiqar b Dutt,68,52,84,9,1,130.76,Pakistan,2nd-Match,1384393
Iftikhar Ahmed,c Edwards b de Leede,9,11,22,1,0,81.81,Pakistan,2nd-Match,1384393
Mohammad Nawaz,run out (van Meekeren/Ackermann),39,43,66,4,0,90.69,Pakistan,2nd-Match,1384393
Shadab Khan,b de Leede,32,34,42,2,1,94.11,Pakistan,2nd-Match,1384393
Hasan Ali,lbw b de Leede,0,1,2,0,0,0.0,Pakistan,2nd-Match,1384393
Shaheen Shah Afridi,not out,13,12,23,2,0,108.33,Pakistan,2nd-Match,1384393
Haris Rauf,st Edwards b Ackermann,16,14,10,2,1,114.28,Pakistan,2nd-Match,1384393
Vikramjit Singh,c Fakhar Zaman b Shadab Khan,52,67,97,4,1,77.61,Netherlands,2nd-Match,1384393
Max O'Dowd,c Shaheen Shah Afridi b Hasan Ali,5,12,24,1,0,41.66,Netherlands,2nd-Match,1384393
Colin Ackermann,b Iftikhar Ahmed,17,21,24,3,0,80.95,Netherlands,2nd-Match,1384393
Bas de Leede,b Mohammad Nawaz,67,68,92,6,2,98.52,Netherlands,2nd-Match,1384393
Teja Nidamanuru,c Fakhar Zaman b Haris Rauf,5,9,10,1,0,55.55,Netherlands,2nd-Match,1384393
Scott Edwards,lbw b Haris Rauf,0,2,2,0,0,0.0,Netherlands,2nd-Match,1384393
Saqib Zulfiqar,lbw b Shaheen Shah Afridi,10,18,24,1,0,55.55,Netherlands,2nd-Match,1384393
Roelof van der Merwe,run out (Babar Azam/Mohammad Rizwan),4,7,18,0,0,57.14,Netherlands,2nd-Match,1384393
Logan van Beek,not out,28,28,36,3,1,100.0,Netherlands,2nd-Match,1384393
Aryan Dutt,b Hasan Ali,1,2,6,0,0,50.0,Netherlands,2nd-Match,1384393
Paul van Meekeren,b Haris Rauf,7,12,17,1,0,58.33,Netherlands,2nd-Match,1384393
batsmen,wicket,runs_scored,balls_faced,minutes_played,fours,sixes,strike_rate,country,match_name,scorecard_id
Jonny Bairstow,c Mitchell b Santner,33,35,57,4,1,94.28,England,1st-Match,1384392
Dawid Malan,c Latham b Henry,14,24,36,2,0,58.33,England,1st-Match,1384392
Joe Root,b Phillips,77,86,140,4,1,89.53,England,1st-Match,1384392
Harry Brook,c Conway b Ravindra,25,16,20,4,1,156.25,England,1st-Match,1384392
Moeen Ali,b Phillips,11,17,20,1,0,64.7,England,1st-Match,1384392
Jos Buttler,c Latham b Henry,43,42,48,2,2,102.38,England,1st-Match,1384392
Liam Livingstone,c Henry b Boult,20,22,23,3,0,90.9,England,1st-Match,1384392
Sam Curran,c Latham b Henry,14,19,30,0,0,73.68,England,1st-Match,1384392
Chris Woakes,c Young b Santner,11,12,15,1,0,91.66,England,1st-Match,1384392
Adil Rashid,not out,15,13,23,0,1,115.38,England,1st-Match,1384392
Mark Wood,not out,13,14,19,0,0,92.85,England,1st-Match,1384392
Devon Conway,not out,152,121,147,19,3,125.61,New Zealand,1st-Match,1384392
Will Young,c Buttler b Curran,0,1,5,0,0,0.0,New Zealand,1st-Match,1384392
Rachin Ravindra,not out,123,96,141,11,5,128.12,New Zealand,1st-Match,1384392
