bowler,overs,maidens,runs,wickets,economy,zeros,fours,sixes,wides,noballs,country,match_name,scorecard_id
Mitchell Starc,10.0,0,55,3,5.5,30,4,1,3,0,Australia,1st-Final,1384439
Josh Hazlewood,10.0,0,60,2,6.0,22,4,1,1,0,Australia,1st-Final,1384439
Glenn Maxwell,6.0,0,35,1,5.83,19,4,1,0,0,Australia,1st-Final,1384439
Pat Cummins,10.0,0,34,2,3.4,30,0,0,2,0,Australia,1st-Final,1384439
Adam Zampa,10.0,0,44,1,4.4,22,1,0,1,0,Australia,1st-Final,1384439
Mitchell Marsh,2.0,0,5,0,2.5,7,0,0,0,0,Australia,1st-Final,1384439
Travis Head,2.0,0,4,0,2.0,8,0,0,0,0,Australia,1st-Final,1384439
Jasprit Bumrah,9.0,2,43,2,4.77,37,8,0,0,0,India,1st-Final,1384439
Mohammed Shami,7.0,1,47,1,6.71,28,6,1,3,0,India,1st-Final,1384439
Ravindra Jadeja,10.0,0,43,0,4.3,29,1,1,1,0,India,1st-Final,1384439
Kuldeep Yadav,10.0,0,56,0,5.6,25,3,2,0,0,India,1st-Final,1384439
Mohammed Siraj,7.0,0,45,1,6.42,16,4,1,0,0,India,1st-Final,1384439
bowler,overs,maidens,runs,wickets,economy,zeros,fours,sixes,wides,noballs,country,match_name,scorecard_id
Mitchell Starc,10.0,1,34,3,3.4,46,3,1,4,0,Australia,2nd-Semi-Final,1384438
Josh Hazlewood,8.0,3,12,2,1.5,39,1,0,0,0,Australia,2nd-Semi-Final,1384438
Pat Cummins,9.4,0,51,3,5.27,32,5,1,2,0,Australia,2nd-Semi-Final,1384438
Adam Zampa,7.0,0,55,0,7.85,21,1,6,0,0,Australia,2nd-Semi-Final,1384438
Glenn Maxwell,10.0,0,35,0,3.5,35,3,0,0,0,Australia,2nd-Semi-Final,1384438
Travis Head,5.0,0,21,2,4.2,19,3,0,1,0,Australia,2nd-Semi-Final,1384438
Marco Jansen,4.2,0,35,0,8.07,18,6,1,4,0,South Africa,2nd-Semi-Final,1384438
Kagiso Rabada,6.0,0,41,1,6.83,24,2,4,1,1,South Africa,2nd-Semi-Final,1384438
Aiden Markram,8.0,1,23,1,2.87,34,1,1,1,0,South Africa,2nd-Semi-Final,1384438
Gerald Coetzee,9.0,0,47,2,5.22,35,8,0,1,1,South Africa,2nd-Semi-Final,1384438
Tabraiz Shamsi,10.0,0,42,2,4.2,36,3,0,5,0,South Africa,2nd-Semi-Final,1384438
Keshav Maharaj,10.0,0,24,1,2.4,39,1,0,0,0,South Africa,2nd-Semi-Final,1384438
bowler,overs,maidens,runs,wickets,economy,zeros,fours,sixes,wides,noballs,country,match_name,scorecard_id
Trent Boult,10.0,0,86,1,8.6,26,9,4,2,0,New Zealand,1st-Semi-Final,1384437
Tim Southee,10.0,0,100,3,10.0,20,8,6,1,0,New Zealand,1st-Semi-Final,1384437
Mitchell Santner,10.0,1,51,0,5.1,29,3,2,0,0,New Zealand,1st-Semi-Final,1384437
Lockie Ferguson,8.0,0,65,0,8.12,15,7,1,1,0,New Zealand,1st-Semi-Final,1384437
Rachin Ravindra,7.0,0,60,0,8.57,13,2,4,2,0,New Zealand,1st-Semi-Final,1384437
Glenn Phillips,5.0,0,33,0,6.6,11,1,2,0,0,New Zealand,1st-Semi-Final,1384437
Jasprit Bumrah,10.0,1,64,1,6.4,32,6,1,6,0,India,1st-Semi-Final,1384437
Mohammed Siraj,9.0,0,78,1,8.66,26,10,3,3,0,India,1st-Semi-Final,1384437
Mohammed Shami,9.5,0,57,7,5.79,37,3,4,2,0,India,1st-Semi-Final,1384437
Ravindra Jadeja,10.0,0,63,0,6.3,29,3,3,0,1,India,1st-Semi-Final,1384437
Kuldeep Yadav,10.0,0,56,1,5.6,26,6,0,0,0,India,1st-Semi-Final,1384437
bowler,overs,maidens,runs,wickets,economy,zeros,fours,sixes,wides,noballs,country,match_name,scorecard_id
Aryan Dutt,7.0,0,52,0,7.42,19,7,1,1,0,Netherlands,45th-Match,1384436
Logan van Beek,10.0,0,107,0,10.7,17,10,6,1,0,Netherlands,45th-Match,1384436
Colin Ackermann,3.0,0,25,0,8.33,5,2,1,1,0,Netherlands,45th-Match,1384436
Paul van Meekeren,10.0,0,90,1,9.0,19,6,5,2,1,Netherlands,45th-Match,1384436
Roelof van der Merwe,10.0,0,53,1,5.3,27,4,1,0,0,Netherlands,45th-Match,1384436
Bas de Leede,10.0,0,82,2,8.2,22,8,2,8,0,Netherlands,45th-Match,1384436
Jasprit Bumrah,9.0,1,33,2,3.66,35,3,0,1,0,India,45th-Match,1384436
Mohammed Siraj,6.0,1,29,2,4.83,23,5,0,1,0,India,45th-Match,1384436
Mohammed Shami,6.0,0,41,0,6.83,15,4,1,1,0,India,45th-Match,1384436
Kuldeep Yadav,10.0,1,41,2,4.1,39,1,3,0,0,India,45th-Match,1384436
Ravindra Jadeja,9.0,0,49,2,5.44,31,4,2,1,0,India,45th-Match,1384436
Virat Kohli,3.0,0,13,1,4.33,10,1,0,0,0,India,45th-Match,1384436
Shubman Gill,2.0,0,11,0,5.5,4,1,0,0,0,India,45th-Match,1384436
Suryakumar Yadav,2.0,0,17,0,8.5,5,0,2,0,0,India,45th-Match,1384436
Rohit Sharma,0.5,0,7,1,8.4,3,0,1,0,0,India,45th-Match,1384436
bowler,overs,maidens,runs,wickets,economy,zeros,fours,sixes,wides,noballs,country,match_name,scorecard_id
Shaheen Shah Afridi,10.0,1,72,2,7.2,32,9,3,0,0,Pakistan,44th-Match,1384435
Haris Rauf,10.0,0,64,3,6.4,32,7,0,3,0,Pakistan,44th-Match,1384435
Iftikhar Ahmed,7.0,0,38,1,5.42,17,4,0,0,0,Pakistan,44th-Match,1384435
Mohammad Wasim,10.0,0,74,2,7.4,26,7,3,1,0,Pakistan,44th-Match,1384435
Shadab Khan,10.0,0,57,0,5.7,25,5,1,0,0,Pakistan,44th-Match,1384435
Agha Salman,3.0,0,25,0,8.33,7,3,1,0,0,Pakistan,44th-Match,1384435
David Willey,10.0,0,56,3,5.6,37,8,1,2,0,England,44th-Match,1384435
Chris Woakes,5.3,0,27,1,4.9,22,5,0,0,0,England,44th-Match,1384435
Adil Rashid,10.0,0,55,2,5.5,26,4,1,1,0,England,44th-Match,1384435
Gus Atkinson,8.0,0,45,2,5.62,29,3,3,2,0,England,44th-Match,1384435
Moeen Ali,10.0,0,60,2,6.0,27,7,1,0,0,England,44th-Match,1384435
bowler,overs,maidens,runs,wickets,economy,zeros,fours,sixes,wides,noballs,country,match_name,scorecard_id
Josh Hazlewood,7.0,1,21,0,3.0,29,2,0,0,0,Australia,43rd-Match,1384434
Pat Cummins,8.0,0,56,0,7.0,22,7,0,4,0,Australia,43rd-Match,1384434
Sean Abbott,10.0,0,61,2,6.1,29,4,2,0,1,Australia,43rd-Match,1384434
Mitchell Marsh,4.0,0,48,0,12.0,8,6,2,2,1,Australia,43rd-Match,1384434
Adam Zampa,10.0,0,32,2,3.2,39,2,1,0,0,Australia,43rd-Match,1384434
Travis Head,6.0,0,33,0,5.5,14,2,1,0,0,Australia,43rd-Match,1384434
Marcus Stoinis,5.0,0,45,1,9.0,4,4,0,2,0,Australia,43rd-Match,1384434
Taskin Ahmed,10.0,0,61,1,6.1,30,6,2,1,0,Bangladesh,43rd-Match,1384434
Mahedi Hasan,9.0,0,38,0,4.22,29,3,0,1,0,Bangladesh,43rd-Match,1384434
Nasum Ahmed,10.0,0,85,0,8.5,21,9,3,1,0,Bangladesh,43rd-Match,1384434
Mehidy Hasan Miraz,6.0,0,47,0,7.83,13,3,3,0,0,Bangladesh,43rd-Match,1384434
Mustafizur Rahman,9.4,1,76,1,7.86,20,8,2,1,0,Bangladesh,43rd-Match,1384434
bowler,overs,maidens,runs,wickets,economy,zeros,fours,sixes,wides,noballs,country,match_name,scorecard_id
Kagiso Rabada,10.0,0,40,0,4.0,37,4,1,0,0,South Africa,42nd-Match,1384433
Lungi Ngidi,8.3,0,69,2,8.11,28,5,4,6,0,South Africa,42nd-Match,1384433
Aiden Markram,4.3,0,25,0,5.55,13,2,1,0,0,South Africa,42nd-Match,1384433
Gerald Coetzee,10.0,1,44,4,4.4,35,5,0,2,0,South Africa,42nd-Match,1384433
Keshav Maharaj,10.0,1,25,2,2.5,41,0,0,2,0,South Africa,42nd-Match,1384433
Andile Phehlukwayo,7.0,0,36,1,5.14,20,4,0,0,0,South Africa,42nd-Match,1384433
Mujeeb Ur Rahman,10.0,0,51,1,5.1,33,4,2,1,0,Afghanistan,42nd-Match,1384433
Naveen-ul-Haq,6.3,0,52,0,8.0,16,2,4,1,0,Afghanistan,42nd-Match,1384433
Mohammad Nabi,10.0,1,35,2,3.5,36,3,0,0,0,Afghanistan,42nd-Match,1384433
Azmatullah Omarzai,1.0,0,8,0,8.0,3,0,1,0,0,Afghanistan,42nd-Match,1384433
Rashid Khan,10.0,1,37,2,3.7,38,2,1,1,0,Afghanistan,42nd-Match,1384433
Noor Ahmad,9.0,0,49,0,5.44,23,3,0,3,0,Afghanistan,42nd-Match,1384433
Rahmat Shah,1.0,0,12,0,12.0,2,1,1,0,0,Afghanistan,42nd-Match,1384433
bowler,overs,maidens,runs,wickets,economy,zeros,fours,sixes,wides,noballs,country,match_name,scorecard_id
Trent Boult,10.0,3,37,3,3.7,45,6,0,3,0,New Zealand,41st-Match,1384432
Tim Southee,8.0,0,52,1,6.5,29,6,3,0,0,New Zealand,41st-Match,1384432
Lockie Ferguson,10.0,2,35,2,3.5,43,6,0,0,0,New Zealand,41st-Match,1384432
Mitchell Santner,10.0,2,22,2,2.2,45,2,0,0,0,New Zealand,41st-Match,1384432
Rachin Ravindra,7.4,0,21,2,2.73,28,1,0,0,0,New Zealand,41st-Match,1384432
Glenn Phillips,1.0,0,3,0,3.0,3,0,0,0,0,New Zealand,41st-Match,1384432
Dilshan Madushanka,6.2,0,58,0,9.15,16,11,0,1,0,Sri Lanka,41st-Match,1384432
Maheesh Theekshana,7.0,0,43,1,6.14,24,6,1,0,0,Sri Lanka,41st-Match,1384432
Dhananjaya de Silva,2.0,0,22,0,11.0,3,1,2,0,0,Sri Lanka,41st-Match,1384432
Dushmantha Chameera,4.0,1,20,1,5.0,17,1,2,0,0,Sri Lanka,41st-Match,1384432
Angelo Mathews,4.0,0,29,2,7.25,10,4,0,1,0,Sri Lanka,41st-Match,1384432
bowler,overs,maidens,runs,wickets,economy,zeros,fours,sixes,wides,noballs,country,match_name,scorecard_id
Aryan Dutt,10.0,0,67,2,6.7,30,5,3,1,1,Netherlands,40th-Match,1384431
Logan van Beek,10.0,0,88,2,8.8,25,10,1,10,0,Netherlands,40th-Match,1384431
Paul van Meekeren,10.0,0,57,1,5.7,28,5,0,5,0,Netherlands,40th-Match,1384431
Bas de Leede,10.0,0,74,3,7.4,26,5,4,0,0,Netherlands,40th-Match,1384431
Roelof van der Merwe,3.0,0,22,0,7.33,6,0,2,0,0,Netherlands,40th-Match,1384431
Colin Ackermann,7.0,0,31,0,4.42,15,1,0,0,0,Netherlands,40th-Match,1384431
Chris Woakes,7.0,0,19,1,2.71,33,2,0,2,0,England,40th-Match,1384431
David Willey,7.0,2,19,2,2.71,33,3,0,0,0,England,40th-Match,1384431
Gus Atkinson,7.0,0,41,0,5.85,25,4,2,1,0,England,40th-Match,1384431
Moeen Ali,8.2,0,42,3,5.04,23,1,2,0,0,England,40th-Match,1384431
Adil Rashid,8.0,0,54,3,6.75,22,5,2,1,0,England,40th-Match,1384431
bowler,overs,maidens,runs,wickets,economy,zeros,fours,sixes,wides,noballs,country,match_name,scorecard_id
Mitchell Starc,9.0,0,70,1,7.77,26,4,4,5,0,Australia,39th-Match,1384430
Josh Hazlewood,9.0,0,39,2,4.33,30,2,1,1,0,Australia,39th-Match,1384430
Glenn Maxwell,10.0,0,55,1,5.5,24,2,1,0,1,Australia,39th-Match,1384430
Pat Cummins,8.0,0,47,0,5.87,25,5,1,1,0,Australia,39th-Match,1384430
Adam Zampa,10.0,0,58,1,5.8,22,2,2,2,0,Australia,39th-Match,1384430
Travis Head,3.0,0,15,0,5.0,7,1,0,0,0,Australia,39th-Match,1384430
Marcus Stoinis,1.0,0,2,0,2.0,4,0,0,0,0,Australia,39th-Match,1384430
Mujeeb Ur Rahman,8.5,1,72,0,8.15,28,8,4,0,0,Afghanistan,39th-Match,1384430
Naveen-ul-Haq,9.0,0,47,2,5.22,34,5,2,1,0,Afghanistan,39th-Match,1384430
Azmatullah Omarzai,7.0,1,52,2,7.42,25,7,2,1,0,Afghanistan,39th-Match,1384430
Rashid Khan,10.0,0,44,2,4.4,36,3,1,3,0,Afghanistan,39th-Match,1384430
Noor Ahmad,10.0,1,53,0,5.3,36,4,2,1,0,Afghanistan,39th-Match,1384430
Mohammad Nabi,2.0,0,20,0,10.0,6,3,1,0,0,Afghanistan,39th-Match,1384430
bowler,overs,maidens,runs,wickets,economy,zeros,fours,sixes,wides,noballs,country,match_name,scorecard_id
Shoriful Islam,9.3,0,51,2,5.36,33,7,0,1,0,Bangladesh,38th-Match,1384429
Taskin Ahmed,10.0,1,39,0,3.9,39,5,0,1,0,Bangladesh,38th-Match,1384429
Tanzim Hasan Sakib,10.0,0,80,3,8.0,27,8,4,2,0,Bangladesh,38th-Match,1384429
Shakib Al Hasan,10.0,0,57,2,5.7,23,1,3,0,0,Bangladesh,38th-Match,1384429
Mehidy Hasan Miraz,10.0,0,49,1,4.9,30,6,0,0,0,Bangladesh,38th-Match,1384429
Dilshan Madushanka,10.0,1,69,3,6.9,35,7,3,4,0,Sri Lanka,38th-Match,1384429
Maheesh Theekshana,9.0,0,44,2,4.88,34,6,0,3,0,Sri Lanka,38th-Match,1384429
Kasun Rajitha,4.0,0,47,0,11.75,7,5,3,0,0,Sri Lanka,38th-Match,1384429
Dushmantha Chameera,8.0,0,54,0,6.75,25,8,1,2,0,Sri Lanka,38th-Match,1384429
Angelo Mathews,7.1,1,35,2,4.88,24,4,0,1,0,Sri Lanka,38th-Match,1384429
Dhananjaya de Silva,3.0,0,20,0,6.66,8,3,0,0,0,Sri Lanka,38th-Match,1384429
bowler,overs,maidens,runs,wickets,economy,zeros,fours,sixes,wides,noballs,country,match_name,scorecard_id
Lungi Ngidi,8.2,0,63,1,7.56,29,8,3,2,0,South Africa,37th-Match,1384428
Marco Jansen,9.4,0,94,1,9.72,28,15,1,7,1,South Africa,37th-Match,1384428
Kagiso Rabada,10.0,1,48,1,4.8,33,6,0,0,0,South Africa,37th-Match,1384428
Keshav Maharaj,10.0,0,30,1,3.0,32,0,0,1,0,South Africa,37th-Match,1384428
Tabraiz Shamsi,10.0,0,72,1,7.2,22,5,1,7,1,South Africa,37th-Match,1384428
Aiden Markram,2.0,0,17,0,8.5,4,1,1,1,0,South Africa,37th-Match,1384428
Jasprit Bumrah,5.0,0,14,0,2.8,23,2,0,1,0,India,37th-Match,1384428
Mohammed Siraj,4.0,1,11,1,2.75,18,1,0,0,0,India,37th-Match,1384428
Ravindra Jadeja,9.0,1,33,5,3.66,37,5,0,0,0,India,37th-Match,1384428
Mohammed Shami,4.0,0,18,2,4.5,16,2,0,1,0,India,37th-Match,1384428
Kuldeep Yadav,5.1,1,7,2,1.35,24,0,0,0,0,India,37th-Match,1384428
bowler,overs,maidens,runs,wickets,economy,zeros,fours,sixes,wides,noballs,country,match_name,scorecard_id
David Willey,10.0,1,48,1,4.8,31,4,0,1,0,England,36th-Match,1384427
Chris Woakes,9.3,0,54,4,5.68,31,5,1,0,0,England,36th-Match,1384427
Mark Wood,10.0,0,70,2,7.0,27,9,0,3,0,England,36th-Match,1384427
Liam Livingstone,6.0,0,42,1,7.0,10,2,1,0,0,England,36th-Match,1384427
Moeen Ali,4.0,0,28,0,7.0,9,4,0,0,0,England,36th-Match,1384427
Adil Rashid,10.0,0,38,2,3.8,34,1,1,0,0,England,36th-Match,1384427
Mitchell Starc,10.0,0,66,2,6.6,29,7,1,4,0,Australia,36th-Match,1384427
Josh Hazlewood,9.1,1,49,2,5.34,34,6,1,2,0,Australia,36th-Match,1384427
Pat Cummins,10.0,1,49,2,4.9,32,5,1,0,0,Australia,36th-Match,1384427
Adam Zampa,10.0,0,21,3,2.1,41,0,0,2,0,Australia,36th-Match,1384427
Travis Head,5.0,0,28,0,5.6,12,0,2,0,0,Australia,36th-Match,1384427
Marcus Stoinis,4.0,0,34,1,8.5,8,4,1,0,0,Australia,36th-Match,1384427
bowler,overs,maidens,runs,wickets,economy,zeros,fours,sixes,wides,noballs,country,match_name,scorecard_id
Shaheen Shah Afridi,10.0,0,90,0,9.0,24,11,2,5,0,Pakistan,35th-Match,1384426
Hasan Ali,10.0,0,82,1,8.2,26,10,2,2,1,Pakistan,35th-Match,1384426
Iftikhar Ahmed,8.0,0,55,1,6.87,20,8,0,0,0,Pakistan,35th-Match,1384426
Haris Rauf,10.0,0,85,1,8.5,24,11,2,2,0,Pakistan,35th-Match,1384426
Mohammad Wasim,10.0,0,60,3,6.0,28,4,1,3,0,Pakistan,35th-Match,1384426
Agha Salman,2.0,0,21,0,10.5,3,2,1,1,0,Pakistan,35th-Match,1384426
Trent Boult,6.0,0,50,0,8.33,20,7,2,2,0,New Zealand,35th-Match,1384426
Tim Southee,5.0,0,27,1,5.4,17,1,2,0,0,New Zealand,35th-Match,1384426
Mitchell Santner,5.0,0,35,0,7.0,13,1,3,0,0,New Zealand,35th-Match,1384426
Glenn Phillips,5.0,1,42,0,8.4,13,3,3,0,0,New Zealand,35th-Match,1384426
Ish Sodhi,4.0,0,44,0,11.0,6,3,3,1,0,New Zealand,35th-Match,1384426
Daryl Mitchell,0.3,0,1,0,2.0,2,0,0,0,0,New Zealand,35th-Match,1384426
bowler,overs,maidens,runs,wickets,economy,zeros,fours,sixes,wides,noballs,country,match_name,scorecard_id
Mujeeb Ur Rahman,10.0,0,40,1,4.0,40,4,0,3,0,Afghanistan,34th-Match,1384425
Fazalhaq Farooqi,5.0,0,36,0,7.2,20,8,0,2,0,Afghanistan,34th-Match,1384425
Azmatullah Omarzai,3.0,0,11,0,3.66,10,1,0,0,0,Afghanistan,34th-Match,1384425
Mohammad Nabi,9.3,1,28,3,2.94,39,3,0,1,0,Afghanistan,34th-Match,1384425
Rashid Khan,10.0,0,31,0,3.1,35,0,0,3,0,Afghanistan,34th-Match,1384425
Noor Ahmad,9.0,0,31,2,3.44,36,3,0,3,0,Afghanistan,34th-Match,1384425
Aryan Dutt,8.3,0,49,0,5.76,25,6,0,3,0,Netherlands,34th-Match,1384425
Logan van Beek,7.0,0,30,1,4.28,26,3,0,2,0,Netherlands,34th-Match,1384425
Paul van Meekeren,5.0,0,35,0,7.0,15,6,0,1,1,Netherlands,34th-Match,1384425
Roelof van der Merwe,5.0,0,27,1,5.4,11,2,0,0,0,Netherlands,34th-Match,1384425
Saqib Zulfiqar,3.0,0,25,1,8.33,8,4,0,0,1,Netherlands,34th-Match,1384425
Colin Ackermann,3.0,0,12,0,4.0,8,0,0,1,0,Netherlands,34th-Match,1384425
bowler,overs,maidens,runs,wickets,economy,zeros,fours,sixes,wides,noballs,country,match_name,scorecard_id
Dilshan Madushanka,10.0,0,80,5,8.0,25,8,2,6,0,Sri Lanka,33rd-Match,1384424
Dushmantha Chameera,10.0,2,71,1,7.1,28,8,2,0,0,Sri Lanka,33rd-Match,1384424
Kasun Rajitha,9.0,0,65,0,7.22,25,7,2,1,0,Sri Lanka,33rd-Match,1384424
Angelo Mathews,3.0,0,11,0,3.66,10,1,0,0,0,Sri Lanka,33rd-Match,1384424
Maheesh Theekshana,10.0,0,67,0,6.7,18,5,1,1,0,Sri Lanka,33rd-Match,1384424
Dushan Hemantha,8.0,0,52,0,6.5,17,2,2,0,1,Sri Lanka,33rd-Match,1384424
Jasprit Bumrah,5.0,1,8,1,1.6,26,0,0,3,0,India,33rd-Match,1384424
Mohammed Siraj,7.0,2,16,3,2.28,35,2,0,1,0,India,33rd-Match,1384424
Mohammed Shami,5.0,1,18,5,3.6,22,3,0,0,0,India,33rd-Match,1384424
Kuldeep Yadav,2.0,0,3,0,1.5,9,0,0,0,0,India,33rd-Match,1384424
Ravindra Jadeja,0.4,0,4,1,6.0,3,1,0,0,0,India,33rd-Match,1384424
bowler,overs,maidens,runs,wickets,economy,zeros,fours,sixes,wides,noballs,country,match_name,scorecard_id
Trent Boult,10.0,1,49,1,4.9,35,5,1,2,0,New Zealand,32nd-Match,1384423
Matt Henry,5.3,0,31,0,5.63,20,4,1,1,0,New Zealand,32nd-Match,1384423
Tim Southee,10.0,0,77,2,7.7,19,6,3,1,0,New Zealand,32nd-Match,1384423
Mitchell Santner,10.0,0,58,0,5.8,18,2,1,2,0,New Zealand,32nd-Match,1384423
Glenn Phillips,7.0,0,52,0,7.42,15,2,3,2,0,New Zealand,32nd-Match,1384423
Rachin Ravindra,2.0,0,17,0,8.5,6,2,1,0,0,New Zealand,32nd-Match,1384423
James Neesham,5.3,0,69,1,12.54,7,5,5,0,0,New Zealand,32nd-Match,1384423
Marco Jansen,8.0,1,31,3,3.87,29,3,0,1,1,South Africa,32nd-Match,1384423
Lungi Ngidi,6.0,1,28,0,4.66,23,4,0,0,0,South Africa,32nd-Match,1384423
Kagiso Rabada,6.0,2,16,1,2.66,27,2,0,0,0,South Africa,32nd-Match,1384423
Gerald Coetzee,6.3,0,41,2,6.3,24,5,1,1,0,South Africa,32nd-Match,1384423
Keshav Maharaj,9.0,0,46,4,5.11,32,3,3,0,0,South Africa,32nd-Match,1384423
bowler,overs,maidens,runs,wickets,economy,zeros,fours,sixes,wides,noballs,country,match_name,scorecard_id
Shaheen Shah Afridi,9.0,1,23,3,2.55,40,2,0,2,0,Pakistan,31st-Match,1384422
Iftikhar Ahmed,10.0,0,44,1,4.4,32,5,0,0,0,Pakistan,31st-Match,1384422
Haris Rauf,8.0,0,36,2,4.5,28,3,0,2,0,Pakistan,31st-Match,1384422
Mohammad Wasim,8.1,1,31,3,3.79,31,4,0,0,0,Pakistan,31st-Match,1384422
Usama Mir,10.0,0,66,1,6.6,27,5,3,1,0,Pakistan,31st-Match,1384422
Taskin Ahmed,6.0,1,36,0,6.0,21,2,3,0,0,Bangladesh,31st-Match,1384422
Shoriful Islam,4.0,1,25,0,6.25,16,3,1,1,0,Bangladesh,31st-Match,1384422
Mehidy Hasan Miraz,9.0,0,60,3,6.66,25,3,4,0,0,Bangladesh,31st-Match,1384422
Mustafizur Rahman,7.0,0,47,0,6.71,23,9,0,1,0,Bangladesh,31st-Match,1384422
Shakib Al Hasan,5.3,0,30,0,5.45,13,1,1,0,0,Bangladesh,31st-Match,1384422
Najmul Hossain Shanto,1.0,0,5,0,5.0,4,1,0,0,0,Bangladesh,31st-Match,1384422
bowler,overs,maidens,runs,wickets,economy,zeros,fours,sixes,wides,noballs,country,match_name,scorecard_id
Mujeeb Ur Rahman,10.0,0,38,2,3.8,29,2,0,0,0,Afghanistan,30th-Match,1384421
Fazalhaq Farooqi,10.0,1,34,4,3.4,42,3,1,0,0,Afghanistan,30th-Match,1384421
Naveen-ul-Haq,6.3,0,47,0,7.23,16,5,1,2,0,Afghanistan,30th-Match,1384421
Azmatullah Omarzai,7.0,0,37,1,5.28,22,5,0,1,0,Afghanistan,30th-Match,1384421
Rashid Khan,10.0,0,50,1,5.0,27,3,0,2,0,Afghanistan,30th-Match,1384421
Mohammad Nabi,6.0,0,33,0,5.5,11,1,0,0,0,Afghanistan,30th-Match,1384421
Dilshan Madushanka,9.0,0,48,2,5.33,28,4,1,3,0,Sri Lanka,30th-Match,1384421
Kasun Rajitha,10.0,0,48,1,4.8,37,4,1,2,0,Sri Lanka,30th-Match,1384421
Angelo Mathews,3.0,0,18,0,6.0,8,2,0,0,0,Sri Lanka,30th-Match,1384421
Dushmantha Chameera,9.2,0,51,0,5.46,29,4,2,0,0,Sri Lanka,30th-Match,1384421
Maheesh Theekshana,10.0,0,55,0,5.5,25,3,1,3,0,Sri Lanka,30th-Match,1384421
Dhananjaya de Silva,4.0,0,21,0,5.25,9,2,0,0,0,Sri Lanka,30th-Match,1384421
bowler,overs,maidens,runs,wickets,economy,zeros,fours,sixes,wides,noballs,country,match_name,scorecard_id
David Willey,10.0,2,45,3,4.5,39,4,2,0,0,England,29th-Match,1384420
Chris Woakes,9.0,1,33,2,3.66,36,3,0,1,0,England,29th-Match,1384420
Adil Rashid,10.0,0,35,2,3.5,35,3,0,0,0,England,29th-Match,1384420
Mark Wood,9.0,1,46,1,5.11,32,3,2,2,0,England,29th-Match,1384420
Liam Livingstone,4.0,1,29,0,7.25,13,5,0,0,0,England,29th-Match,1384420
Moeen Ali,8.0,0,37,0,4.62,19,2,0,0,0,England,29th-Match,1384420
Jasprit Bumrah,6.5,1,32,3,4.68,31,3,2,2,0,India,29th-Match,1384420
Mohammed Siraj,6.0,0,33,0,5.5,22,3,1,2,0,India,29th-Match,1384420
Mohammed Shami,7.0,2,22,4,3.14,33,3,0,2,0,India,29th-Match,1384420
Kuldeep Yadav,8.0,0,24,2,3.0,28,1,0,0,0,India,29th-Match,1384420
Ravindra Jadeja,7.0,1,16,1,2.28,27,0,0,0,0,India,29th-Match,1384420
bowler,overs,maidens,runs,wickets,economy,zeros,fours,sixes,wides,noballs,country,match_name,scorecard_id
Shoriful Islam,10.0,0,51,2,5.1,38,5,1,3,0,Bangladesh,28th-Match,1384419
Taskin Ahmed,9.0,1,43,2,4.77,32,6,0,1,0,Bangladesh,28th-Match,1384419
Shakib Al Hasan,10.0,1,37,1,3.7,35,4,0,0,0,Bangladesh,28th-Match,1384419
Mehidy Hasan Miraz,4.0,0,17,0,4.25,10,1,0,0,0,Bangladesh,28th-Match,1384419
Mustafizur Rahman,10.0,1,36,2,3.6,36,3,0,1,0,Bangladesh,28th-Match,1384419
Mahedi Hasan,7.0,0,40,2,5.71,23,3,1,1,0,Bangladesh,28th-Match,1384419
Aryan Dutt,10.0,3,26,1,2.6,48,3,1,0,0,Netherlands,28th-Match,1384419
Logan van Beek,9.0,1,30,1,3.33,39,3,0,4,0,Netherlands,28th-Match,1384419
Colin Ackermann,7.0,1,25,1,3.57,29,2,1,0,0,Netherlands,28th-Match,1384419
Paul van Meekeren,7.2,0,23,4,3.13,30,2,0,2,0,Netherlands,28th-Match,1384419
Bas de Leede,7.0,0,25,2,3.57,30,4,0,0,0,Netherlands,28th-Match,1384419
Shariz Ahmad,2.0,0,13,0,6.5,5,2,0,0,0,Netherlands,28th-Match,1384419
bowler,overs,maidens,runs,wickets,economy,zeros,fours,sixes,wides,noballs,country,match_name,scorecard_id
Matt Henry,6.2,0,67,1,10.57,21,8,4,2,2,New Zealand,27th-Match,1384418
Trent Boult,10.0,0,77,3,7.7,25,7,3,3,0,New Zealand,27th-Match,1384418
Lockie Ferguson,3.0,0,38,0,12.66,6,3,3,0,0,New Zealand,27th-Match,1384418
Mitchell Santner,10.0,0,80,2,8.0,23,6,4,1,0,New Zealand,27th-Match,1384418
Glenn Phillips,10.0,0,37,3,3.7,30,2,0,0,0,New Zealand,27th-Match,1384418
Rachin Ravindra,8.0,0,56,0,7.0,18,5,2,0,0,New Zealand,27th-Match,1384418
James Neesham,2.0,0,32,1,16.0,4,1,4,0,0,New Zealand,27th-Match,1384418
Mitchell Starc,9.0,0,89,0,9.88,21,6,3,9,0,Australia,27th-Match,1384418
Josh Hazlewood,9.0,0,70,2,7.77,24,9,2,1,0,Australia,27th-Match,1384418
Pat Cummins,10.0,0,66,2,6.6,26,7,1,3,0,Australia,27th-Match,1384418
Glenn Maxwell,10.0,0,62,1,6.2,22,4,2,0,0,Australia,27th-Match,1384418
Adam Zampa,10.0,0,74,3,7.4,22,6,3,0,0,Australia,27th-Match,1384418
Mitchell Marsh,2.0,0,18,0,9.0,3,1,1,1,0,Australia,27th-Match,1384418
bowler,overs,maidens,runs,wickets,economy,zeros,fours,sixes,wides,noballs,country,match_name,scorecard_id
Marco Jansen,9.0,1,43,3,4.77,40,5,0,6,2,South Africa,26th-Match,1384417
Lungi Ngidi,7.4,0,45,1,5.86,26,6,0,3,0,South Africa,26th-Match,1384417
Aiden Markram,4.0,0,20,0,5.0,12,2,0,0,0,South Africa,26th-Match,1384417
Keshav Maharaj,9.0,0,56,0,6.22,30,4,4,0,0,South Africa,26th-Match,1384417
Gerald Coetzee,7.0,0,42,2,6.0,20,4,1,1,0,South Africa,26th-Match,1384417
Tabraiz Shamsi,10.0,0,60,4,6.0,28,2,3,1,2,South Africa,26th-Match,1384417
Iftikhar Ahmed,3.0,0,23,0,7.66,9,1,1,1,0,Pakistan,26th-Match,1384417
Shaheen Shah Afridi,10.0,0,45,3,4.5,37,5,0,3,0,Pakistan,26th-Match,1384417
Mohammad Nawaz,6.2,0,40,0,6.31,15,4,1,0,0,Pakistan,26th-Match,1384417
Haris Rauf,10.0,0,62,2,6.2,29,3,3,2,0,Pakistan,26th-Match,1384417
Mohammad Wasim,10.0,1,50,2,5.0,37,7,0,3,0,Pakistan,26th-Match,1384417
Usama Mir,8.0,0,45,2,5.62,25,1,3,1,0,Pakistan,26th-Match,1384417
bowler,overs,maidens,runs,wickets,economy,zeros,fours,sixes,wides,noballs,country,match_name,scorecard_id
Dilshan Madushanka,5.0,0,37,0,7.4,18,7,0,0,0,Sri Lanka,25th-Match,1384416
Kasun Rajitha,7.0,0,36,2,5.14,25,5,0,1,0,Sri Lanka,25th-Match,1384416
Maheesh Theekshana,8.2,1,21,1,2.52,36,1,0,3,0,Sri Lanka,25th-Match,1384416
Angelo Mathews,5.0,1,14,2,2.8,17,0,0,0,0,Sri Lanka,25th-Match,1384416
Lahiru Kumara,7.0,0,35,3,5.0,25,4,1,0,0,Sri Lanka,25th-Match,1384416
Dhananjaya de Silva,1.0,0,10,0,10.0,2,2,0,0,0,Sri Lanka,25th-Match,1384416
Chris Woakes,6.0,0,30,0,5.0,21,4,0,2,0,England,25th-Match,1384416
David Willey,5.0,0,30,2,6.0,18,5,0,1,0,England,25th-Match,1384416
Adil Rashid,4.4,0,39,0,8.35,9,1,3,0,0,England,25th-Match,1384416
Mark Wood,4.0,0,23,0,5.75,12,3,0,0,0,England,25th-Match,1384416
Liam Livingstone,3.0,0,17,0,5.66,8,2,0,0,0,England,25th-Match,1384416
Moeen Ali,3.0,0,21,0,7.0,5,2,0,0,0,England,25th-Match,1384416
bowler,overs,maidens,runs,wickets,economy,zeros,fours,sixes,wides,noballs,country,match_name,scorecard_id
Aryan Dutt,7.0,0,59,1,8.42,17,9,1,0,0,Netherlands,24th-Match,1384415
Colin Ackermann,4.0,0,19,0,4.75,10,0,1,0,0,Netherlands,24th-Match,1384415
Logan van Beek,10.0,0,74,4,7.4,31,7,3,5,0,Netherlands,24th-Match,1384415
Paul van Meekeren,10.0,0,64,0,6.4,29,7,1,3,0,Netherlands,24th-Match,1384415
Vikramjit Singh,4.0,0,27,0,6.75,13,3,1,1,0,Netherlands,24th-Match,1384415
Roelof van der Merwe,5.0,0,41,0,8.2,11,3,2,1,0,Netherlands,24th-Match,1384415
Bas de Leede,10.0,0,115,2,11.5,20,13,6,1,1,Netherlands,24th-Match,1384415
Mitchell Starc,4.0,0,22,1,5.5,19,5,0,2,0,Australia,24th-Match,1384415
Josh Hazlewood,6.0,0,27,1,4.5,25,4,0,2,0,Australia,24th-Match,1384415
Pat Cummins,4.0,0,14,1,3.5,16,2,0,0,0,Australia,24th-Match,1384415
Mitchell Marsh,4.0,0,19,2,4.75,15,2,0,3,0,Australia,24th-Match,1384415
Adam Zampa,3.0,0,8,4,2.66,10,0,0,0,0,Australia,24th-Match,1384415
bowler,overs,maidens,runs,wickets,economy,zeros,fours,sixes,wides,noballs,country,match_name,scorecard_id
Mustafizur Rahman,9.0,0,76,0,8.44,15,7,2,2,0,Bangladesh,23rd-Match,1384414
Mehidy Hasan Miraz,9.0,0,44,1,4.88,29,3,1,2,0,Bangladesh,23rd-Match,1384414
Shoriful Islam,9.0,0,76,1,8.44,19,6,4,0,0,Bangladesh,23rd-Match,1384414
Shakib Al Hasan,9.0,0,69,1,7.66,24,5,4,1,0,Bangladesh,23rd-Match,1384414
Hasan Mahmud,6.0,0,67,2,11.16,12,3,6,1,0,Bangladesh,23rd-Match,1384414
Nasum Ahmed,5.0,0,27,0,5.4,11,1,1,0,0,Bangladesh,23rd-Match,1384414
Mahmudullah,3.0,0,20,0,6.66,7,1,1,1,0,Bangladesh,23rd-Match,1384414
Marco Jansen,8.0,0,39,2,4.87,34,5,0,5,0,South Africa,23rd-Match,1384414
Lizaad Williams,8.4,1,56,2,6.46,33,7,2,5,0,South Africa,23rd-Match,1384414
Gerald Coetzee,10.0,0,62,3,6.2,36,8,2,1,1,South Africa,23rd-Match,1384414
Kagiso Rabada,10.0,1,42,2,4.2,36,3,1,0,1,South Africa,23rd-Match,1384414
Keshav Maharaj,10.0,0,32,1,3.2,36,2,0,1,0,South Africa,23rd-Match,1384414
bowler,overs,maidens,runs,wickets,economy,zeros,fours,sixes,wides,noballs,country,match_name,scorecard_id
Naveen-ul-Haq,7.0,0,52,2,7.42,22,4,3,3,0,Afghanistan,22nd-Match,1384413
Mujeeb Ur Rahman,8.0,0,55,0,6.87,20,5,2,0,0,Afghanistan,22nd-Match,1384413
Mohammad Nabi,10.0,0,31,1,3.1,37,2,0,0,0,Afghanistan,22nd-Match,1384413
Azmatullah Omarzai,5.0,0,50,1,10.0,9,4,2,3,0,Afghanistan,22nd-Match,1384413
Rashid Khan,10.0,0,41,0,4.1,30,1,1,0,0,Afghanistan,22nd-Match,1384413
Noor Ahmad,10.0,0,49,3,4.9,27,1,1,4,1,Afghanistan,22nd-Match,1384413
Shaheen Shah Afridi,10.0,0,58,1,5.8,27,5,0,2,0,Pakistan,22nd-Match,1384413
Hasan Ali,10.0,1,44,1,4.4,42,4,2,1,0,Pakistan,22nd-Match,1384413
Haris Rauf,8.0,1,53,0,6.62,19,6,0,3,0,Pakistan,22nd-Match,1384413
Usama Mir,8.0,0,55,0,6.87,19,6,0,2,1,Pakistan,22nd-Match,1384413
Shadab Khan,8.0,0,49,0,6.12,22,6,0,0,0,Pakistan,22nd-Match,1384413
Iftikhar Ahmed,5.0,0,27,0,5.4,15,1,1,0,0,Pakistan,22nd-Match,1384413
bowler,overs,maidens,runs,wickets,economy,zeros,fours,sixes,wides,noballs,country,match_name,scorecard_id
Jasprit Bumrah,10.0,1,45,1,4.5,34,5,0,0,0,India,21st-Match,1384412
Mohammed Siraj,10.0,1,45,1,4.5,34,3,1,4,0,India,21st-Match,1384412
Mohammed Shami,10.0,0,54,5,5.4,32,6,1,0,0,India,21st-Match,1384412
Ravindra Jadeja,10.0,0,48,0,4.8,28,2,1,0,0,India,21st-Match,1384412
Kuldeep Yadav,10.0,0,73,2,7.3,25,3,4,3,0,India,21st-Match,1384412
Trent Boult,10.0,0,60,1,6.0,33,6,2,1,0,New Zealand,21st-Match,1384412
Matt Henry,9.0,0,55,1,6.11,31,7,2,0,0,New Zealand,21st-Match,1384412
Mitchell Santner,10.0,0,37,1,3.7,32,1,1,0,0,New Zealand,21st-Match,1384412
Lockie Ferguson,8.0,0,63,2,7.87,22,11,0,2,0,New Zealand,21st-Match,1384412
Rachin Ravindra,9.0,0,46,0,5.11,28,3,2,1,0,New Zealand,21st-Match,1384412
Glenn Phillips,2.0,0,12,0,6.0,3,1,0,0,0,New Zealand,21st-Match,1384412
bowler,overs,maidens,runs,wickets,economy,zeros,fours,sixes,wides,noballs,country,match_name,scorecard_id
Reece Topley,8.5,0,88,3,9.96,23,10,4,4,0,England,20th-Match,1384411
David Willey,9.0,1,61,0,6.77,27,6,2,3,1,England,20th-Match,1384411
Joe Root,6.1,0,48,0,7.78,6,2,2,0,0,England,20th-Match,1384411
Gus Atkinson,9.0,0,60,2,6.66,27,6,2,1,0,England,20th-Match,1384411
Mark Wood,7.0,0,76,0,10.85,9,10,2,1,0,England,20th-Match,1384411
Adil Rashid,10.0,0,61,2,6.1,20,4,1,0,0,England,20th-Match,1384411
Lungi Ngidi,5.0,1,26,2,5.2,23,2,2,3,0,South Africa,20th-Match,1384411
Marco Jansen,5.0,0,35,2,7.0,19,4,2,1,0,South Africa,20th-Match,1384411
Kagiso Rabada,6.0,1,38,1,6.33,24,6,1,0,1,South Africa,20th-Match,1384411
Gerald Coetzee,4.0,0,35,3,8.75,13,5,1,1,0,South Africa,20th-Match,1384411
Keshav Maharaj,2.0,0,27,1,13.5,4,1,3,0,0,South Africa,20th-Match,1384411
bowler,overs,maidens,runs,wickets,economy,zeros,fours,sixes,wides,noballs,country,match_name,scorecard_id
Dilshan Madushanka,9.4,1,49,4,5.06,33,4,0,3,1,Sri Lanka,19th-Match,1384410
Kasun Rajitha,9.0,0,50,4,5.55,32,5,0,6,0,Sri Lanka,19th-Match,1384410
Chamika Karunaratne,9.0,1,58,0,6.44,25,1,2,6,0,Sri Lanka,19th-Match,1384410
Maheesh Theekshana,10.0,0,44,1,4.4,28,0,0,2,0,Sri Lanka,19th-Match,1384410
Dushan Hemantha,8.0,0,42,0,5.25,23,3,1,0,0,Sri Lanka,19th-Match,1384410
Dhananjaya de Silva,4.0,0,13,0,3.25,16,0,0,3,0,Sri Lanka,19th-Match,1384410
Aryan Dutt,10.0,0,44,3,4.4,38,3,1,2,0,Netherlands,19th-Match,1384410
Logan van Beek,10.0,0,57,0,5.7,36,6,2,0,0,Netherlands,19th-Match,1384410
Paul van Meekeren,8.0,1,39,1,4.87,29,4,0,2,0,Netherlands,19th-Match,1384410
Bas de Leede,3.0,0,29,0,9.66,7,4,0,2,0,Netherlands,19th-Match,1384410
Roelof van der Merwe,9.0,0,42,0,4.66,25,3,0,1,0,Netherlands,19th-Match,1384410
Colin Ackermann,8.2,0,39,1,4.68,25,3,0,0,0,Netherlands,19th-Match,1384410
bowler,overs,maidens,runs,wickets,economy,zeros,fours,sixes,wides,noballs,country,match_name,scorecard_id
Shaheen Shah Afridi,10.0,1,54,5,5.4,39,4,3,3,0,Pakistan,18th-Match,1384409
Hasan Ali,8.0,0,57,0,7.12,26,4,3,3,0,Pakistan,18th-Match,1384409
Iftikhar Ahmed,8.0,0,37,0,4.62,30,4,1,2,0,Pakistan,18th-Match,1384409
Haris Rauf,8.0,0,83,3,10.37,18,8,5,3,0,Pakistan,18th-Match,1384409
Usama Mir,9.0,0,82,1,9.11,19,6,5,2,0,Pakistan,18th-Match,1384409
Mohammad Nawaz,7.0,0,43,0,6.14,20,3,2,0,0,Pakistan,18th-Match,1384409
Mitchell Starc,8.0,0,65,1,8.12,22,10,0,6,0,Australia,18th-Match,1384409
Josh Hazlewood,10.0,1,37,1,3.7,40,5,0,1,0,Australia,18th-Match,1384409
Pat Cummins,7.3,0,62,2,8.26,22,6,4,0,0,Australia,18th-Match,1384409
Adam Zampa,10.0,0,53,4,5.3,25,3,1,1,0,Australia,18th-Match,1384409
Glenn Maxwell,5.0,0,40,0,8.0,10,6,0,0,0,Australia,18th-Match,1384409
Marcus Stoinis,5.0,0,40,2,8.0,10,4,1,3,0,Australia,18th-Match,1384409
bowler,overs,maidens,runs,wickets,economy,zeros,fours,sixes,wides,noballs,country,match_name,scorecard_id
Jasprit Bumrah,10.0,1,41,2,4.1,39,2,2,1,0,India,17th-Match,1384408
Mohammed Siraj,10.0,0,60,2,6.0,34,8,1,3,0,India,17th-Match,1384408
Hardik Pandya,0.3,0,8,0,16.0,1,2,0,0,0,India,17th-Match,1384408
Virat Kohli,0.3,0,2,0,4.0,1,0,0,0,0,India,17th-Match,1384408
Shardul Thakur,9.0,0,59,1,6.55,23,3,3,0,0,India,17th-Match,1384408
Kuldeep Yadav,10.0,0,47,1,4.7,25,1,1,1,0,India,17th-Match,1384408
Ravindra Jadeja,10.0,0,38,2,3.8,36,2,1,0,0,India,17th-Match,1384408
Shoriful Islam,8.0,0,54,0,6.75,25,6,2,0,0,Bangladesh,17th-Match,1384408
Mustafizur Rahman,5.0,0,29,0,5.8,17,5,0,0,0,Bangladesh,17th-Match,1384408
Nasum Ahmed,9.3,0,60,0,6.31,30,4,4,0,0,Bangladesh,17th-Match,1384408
Hasan Mahmud,8.0,0,65,1,8.12,22,5,3,1,2,Bangladesh,17th-Match,1384408
Mehidy Hasan Miraz,10.0,0,47,2,4.7,24,3,0,1,0,Bangladesh,17th-Match,1384408
Mahmudullah,1.0,0,6,0,6.0,0,0,0,0,0,Bangladesh,17th-Match,1384408
bowler,overs,maidens,runs,wickets,economy,zeros,fours,sixes,wides,noballs,country,match_name,scorecard_id
Mujeeb Ur Rahman,10.0,0,57,1,5.7,32,4,2,1,0,Afghanistan,16th-Match,1384407
Fazalhaq Farooqi,7.0,1,39,0,5.57,23,2,2,2,0,Afghanistan,16th-Match,1384407
Naveen-ul-Haq,8.0,0,48,2,6.0,17,4,0,0,0,Afghanistan,16th-Match,1384407
Mohammad Nabi,8.0,1,41,0,5.12,30,1,4,0,0,Afghanistan,16th-Match,1384407
Rashid Khan,10.0,0,43,1,4.3,35,4,0,2,0,Afghanistan,16th-Match,1384407
Azmatullah Omarzai,7.0,0,56,2,8.0,17,4,3,0,1,Afghanistan,16th-Match,1384407
Trent Boult,7.0,1,18,2,2.57,32,1,0,2,0,New Zealand,16th-Match,1384407
Matt Henry,5.0,2,16,1,3.2,22,1,1,0,0,New Zealand,16th-Match,1384407
Mitchell Santner,7.4,0,39,3,5.08,24,3,1,1,0,New Zealand,16th-Match,1384407
Lockie Ferguson,7.0,1,19,3,2.71,32,2,0,1,0,New Zealand,16th-Match,1384407
Glenn Phillips,3.0,0,13,0,4.33,7,0,0,1,0,New Zealand,16th-Match,1384407
Rachin Ravindra,5.0,0,34,1,6.8,11,4,0,0,0,New Zealand,16th-Match,1384407
bowler,overs,maidens,runs,wickets,economy,zeros,fours,sixes,wides,noballs,country,match_name,scorecard_id
Lungi Ngidi,9.0,1,57,2,6.33,31,5,1,6,1,South Africa,15th-Match,1384406
Marco Jansen,8.0,1,27,2,3.37,36,3,0,6,0,South Africa,15th-Match,1384406
Kagiso Rabada,9.0,1,56,2,6.22,30,5,2,3,0,South Africa,15th-Match,1384406
Gerald Coetzee,8.0,0,57,1,7.12,25,5,3,2,0,South Africa,15th-Match,1384406
Keshav Maharaj,9.0,0,38,1,4.22,34,5,0,0,0,South Africa,15th-Match,1384406
Aryan Dutt,5.0,1,19,0,3.8,21,3,0,0,0,Netherlands,15th-Match,1384406
Logan van Beek,8.5,0,60,3,6.79,30,7,2,1,1,Netherlands,15th-Match,1384406
Colin Ackermann,3.0,0,16,1,5.33,13,2,1,0,0,Netherlands,15th-Match,1384406
Paul van Meekeren,9.0,0,40,2,4.44,33,4,1,0,0,Netherlands,15th-Match,1384406
Roelof van der Merwe,9.0,0,34,2,3.77,29,1,1,0,0,Netherlands,15th-Match,1384406
Bas de Leede,8.0,0,36,2,4.5,28,3,0,4,0,Netherlands,15th-Match,1384406
bowler,overs,maidens,runs,wickets,economy,zeros,fours,sixes,wides,noballs,country,match_name,scorecard_id
Mitchell Starc,10.0,0,43,2,4.3,37,5,0,4,0,Australia,14th-Match,1384405
Josh Hazlewood,7.0,1,36,0,5.14,28,6,0,1,0,Australia,14th-Match,1384405
Pat Cummins,7.0,0,32,2,4.57,24,4,0,1,0,Australia,14th-Match,1384405
Glenn Maxwell,9.3,0,36,1,3.78,30,2,0,1,0,Australia,14th-Match,1384405
Adam Zampa,8.0,1,47,4,5.87,26,5,1,2,0,Australia,14th-Match,1384405
Marcus Stoinis,2.0,0,11,0,5.5,5,1,0,0,0,Australia,14th-Match,1384405
Lahiru Kumara,4.0,0,47,0,11.75,8,5,2,0,0,Sri Lanka,14th-Match,1384405
Dilshan Madushanka,9.0,2,38,3,4.22,34,5,0,1,0,Sri Lanka,14th-Match,1384405
Maheesh Theekshana,7.0,0,49,0,7.0,19,5,2,0,0,Sri Lanka,14th-Match,1384405
Dunith Wellalage,9.2,0,53,1,5.67,29,6,1,0,0,Sri Lanka,14th-Match,1384405
Chamika Karunaratne,3.0,0,15,0,5.0,9,1,0,2,0,Sri Lanka,14th-Match,1384405
Dhananjaya de Silva,3.0,0,13,0,4.33,8,0,0,0,0,Sri Lanka,14th-Match,1384405
bowler,overs,maidens,runs,wickets,economy,zeros,fours,sixes,wides,noballs,country,match_name,scorecard_id
Chris Woakes,4.0,0,41,0,10.25,13,4,2,2,0,England,13th-Match,1384404
Reece Topley,8.5,1,52,1,5.88,30,5,1,3,1,England,13th-Match,1384404
Sam Curran,4.0,0,46,0,11.5,9,5,2,0,2,England,13th-Match,1384404
Adil Rashid,10.0,1,42,3,4.2,29,1,1,1,0,England,13th-Match,1384404
Mark Wood,9.0,0,50,2,5.55,27,5,1,0,0,England,13th-Match,1384404
Liam Livingstone,10.0,0,33,1,3.3,31,1,0,0,0,England,13th-Match,1384404
Joe Root,4.0,0,19,1,4.75,16,2,1,0,0,England,13th-Match,1384404
Mujeeb Ur Rahman,10.0,1,51,3,5.1,31,2,1,1,0,Afghanistan,13th-Match,1384404
Fazalhaq Farooqi,7.0,0,50,1,7.14,23,9,0,2,0,Afghanistan,13th-Match,1384404
Naveen-ul-Haq,6.0,1,44,1,7.33,17,8,0,0,1,Afghanistan,13th-Match,1384404
Mohammad Nabi,6.0,0,16,2,2.66,23,0,0,1,0,Afghanistan,13th-Match,1384404
Rashid Khan,9.3,1,37,3,3.89,30,3,0,0,0,Afghanistan,13th-Match,1384404
Azmatullah Omarzai,2.0,0,13,0,6.5,5,2,0,0,0,Afghanistan,13th-Match,1384404
bowler,overs,maidens,runs,wickets,economy,zeros,fours,sixes,wides,noballs,country,match_name,scorecard_id
Jasprit Bumrah,7.0,1,19,2,2.71,33,3,0,1,0,India,12th-Match,1384403
Mohammed Siraj,8.0,0,50,2,6.25,22,7,0,0,0,India,12th-Match,1384403
Hardik Pandya,6.0,0,34,2,5.66,20,6,0,0,0,India,12th-Match,1384403
Kuldeep Yadav,10.0,0,35,2,3.5,38,4,0,0,0,India,12th-Match,1384403
Ravindra Jadeja,9.5,0,38,2,3.86,35,4,0,0,0,India,12th-Match,1384403
Shardul Thakur,2.0,0,12,0,6.0,6,2,0,0,0,India,12th-Match,1384403
Shaheen Shah Afridi,6.0,0,36,2,6.0,21,5,1,1,0,Pakistan,12th-Match,1384403
Hasan Ali,6.0,0,34,1,5.66,23,7,0,0,0,Pakistan,12th-Match,1384403
Mohammad Nawaz,8.3,0,47,0,5.52,23,3,2,0,0,Pakistan,12th-Match,1384403
Haris Rauf,6.0,0,43,0,7.16,14,1,3,0,0,Pakistan,12th-Match,1384403
Shadab Khan,4.0,0,31,0,7.75,10,2,2,0,0,Pakistan,12th-Match,1384403
bowler,overs,maidens,runs,wickets,economy,zeros,fours,sixes,wides,noballs,country,match_name,scorecard_id
Trent Boult,10.0,0,45,2,4.5,37,5,1,2,0,New Zealand,11th-Match,1384402
Matt Henry,10.0,0,58,2,5.8,27,6,0,0,1,New Zealand,11th-Match,1384402
Lockie Ferguson,10.0,0,49,3,4.9,44,4,3,2,2,New Zealand,11th-Match,1384402
Mitchell Santner,10.0,1,31,1,3.1,36,2,0,0,0,New Zealand,11th-Match,1384402
Glenn Phillips,2.0,0,13,1,6.5,8,1,1,0,1,New Zealand,11th-Match,1384402
Rachin Ravindra,7.0,0,37,0,5.28,22,2,2,0,0,New Zealand,11th-Match,1384402
Daryl Mitchell,1.0,0,11,0,11.0,1,0,1,0,0,New Zealand,11th-Match,1384402
Mustafizur Rahman,8.0,0,36,1,4.5,26,3,0,3,0,Bangladesh,11th-Match,1384402
Shoriful Islam,7.5,1,43,0,5.48,30,5,1,3,0,Bangladesh,11th-Match,1384402
Taskin Ahmed,8.0,0,56,0,7.0,20,6,1,3,0,Bangladesh,11th-Match,1384402
Shakib Al Hasan,10.0,0,54,1,5.4,30,2,3,0,0,Bangladesh,11th-Match,1384402
Mehidy Hasan Miraz,9.0,0,58,0,6.44,17,4,1,1,0,Bangladesh,11th-Match,1384402
bowler,overs,maidens,runs,wickets,economy,zeros,fours,sixes,wides,noballs,country,match_name,scorecard_id
Mitchell Starc,9.0,1,53,2,5.88,29,3,3,1,0,Australia,10th-Match,1384401
Josh Hazlewood,9.0,0,60,1,6.66,30,7,2,3,0,Australia,10th-Match,1384401
Glenn Maxwell,10.0,1,34,2,3.4,32,0,0,2,0,Australia,10th-Match,1384401
Pat Cummins,9.0,0,71,1,7.88,19,6,3,0,0,Australia,10th-Match,1384401
Adam Zampa,10.0,0,70,1,7.0,20,9,0,1,0,Australia,10th-Match,1384401
Mitchell Marsh,1.0,0,6,0,6.0,1,0,0,0,0,Australia,10th-Match,1384401
Marcus Stoinis,2.0,0,11,0,5.5,5,1,0,0,0,Australia,10th-Match,1384401
Lungi Ngidi,8.0,2,18,1,2.25,35,0,0,1,0,South Africa,10th-Match,1384401
Marco Jansen,7.0,0,54,2,7.71,24,8,0,3,1,South Africa,10th-Match,1384401
Kagiso Rabada,8.0,1,33,3,4.12,35,5,0,1,1,South Africa,10th-Match,1384401
Keshav Maharaj,10.0,0,30,2,3.0,40,2,0,2,0,South Africa,10th-Match,1384401
Tabraiz Shamsi,7.5,0,38,2,4.85,24,4,0,0,0,South Africa,10th-Match,1384401
bowler,overs,maidens,runs,wickets,economy,zeros,fours,sixes,wides,noballs,country,match_name,scorecard_id
Jasprit Bumrah,10.0,0,39,4,3.9,41,5,0,3,0,India,9th-Match,1384400
Mohammed Siraj,9.0,0,76,0,8.44,23,12,1,1,0,India,9th-Match,1384400
Hardik Pandya,7.0,0,43,2,6.14,23,5,1,2,0,India,9th-Match,1384400
Shardul Thakur,6.0,0,31,1,5.16,21,2,1,1,1,India,9th-Match,1384400
Kuldeep Yadav,10.0,0,40,1,4.0,35,0,3,0,0,India,9th-Match,1384400
Ravindra Jadeja,8.0,0,38,0,4.75,22,1,1,0,1,India,9th-Match,1384400
Fazalhaq Farooqi,6.0,0,50,0,8.33,17,6,2,1,0,Afghanistan,9th-Match,1384400
Mujeeb Ur Rahman,8.0,0,64,0,8.0,18,6,1,3,0,Afghanistan,9th-Match,1384400
Naveen-ul-Haq,5.0,0,31,0,6.2,16,4,1,0,0,Afghanistan,9th-Match,1384400
Azmatullah Omarzai,4.0,0,34,0,8.5,12,5,1,1,0,Afghanistan,9th-Match,1384400
Mohammad Nabi,4.0,0,32,0,8.0,11,3,2,0,0,Afghanistan,9th-Match,1384400
Rashid Khan,8.0,0,57,2,7.12,12,4,1,1,0,Afghanistan,9th-Match,1384400
bowler,overs,maidens,runs,wickets,economy,zeros,fours,sixes,wides,noballs,country,match_name,scorecard_id
Shaheen Shah Afridi,9.0,0,66,1,7.33,27,9,1,4,0,Pakistan,8th-Match,1384399
Hasan Ali,10.0,0,71,4,7.1,32,6,4,3,1,Pakistan,8th-Match,1384399
Mohammad Nawaz,9.0,0,62,1,6.88,23,7,1,0,0,Pakistan,8th-Match,1384399
Haris Rauf,10.0,0,64,2,6.4,30,6,2,1,0,Pakistan,8th-Match,1384399
Shadab Khan,8.0,0,55,1,6.87,20,6,1,0,0,Pakistan,8th-Match,1384399
Iftikhar Ahmed,4.0,0,22,0,5.5,11,2,0,1,0,Pakistan,8th-Match,1384399
Maheesh Theekshana,10.0,0,59,1,5.9,23,3,0,1,0,Sri Lanka,8th-Match,1384399
Dilshan Madushanka,9.2,0,60,2,6.42,27,5,1,2,1,Sri Lanka,8th-Match,1384399
Dasun Shanaka,5.0,0,28,0,5.6,10,2,0,0,0,Sri Lanka,8th-Match,1384399
Matheesha Pathirana,9.0,0,90,1,10.0,14,8,1,9,0,Sri Lanka,8th-Match,1384399
Dunith Wellalage,10.0,0,62,0,6.2,24,4,2,0,0,Sri Lanka,8th-Match,1384399
Dhananjaya de Silva,4.0,0,36,0,9.0,7,3,2,0,0,Sri Lanka,8th-Match,1384399
Charith Asalanka,1.0,0,10,0,10.0,1,1,0,0,0,Sri Lanka,8th-Match,1384399
bowler,overs,maidens,runs,wickets,economy,zeros,fours,sixes,wides,noballs,country,match_name,scorecard_id
Mustafizur Rahman,10.0,0,70,0,7.0,26,6,3,0,0,Bangladesh,7th-Match,1384398
Taskin Ahmed,6.0,0,38,1,6.33,19,4,1,2,0,Bangladesh,7th-Match,1384398
Shoriful Islam,10.0,0,75,3,7.5,25,11,0,1,0,Bangladesh,7th-Match,1384398
Mahedi Hasan,8.0,0,71,4,8.87,17,10,1,0,0,Bangladesh,7th-Match,1384398
Shakib Al Hasan,10.0,0,52,1,5.2,25,4,0,1,0,Bangladesh,7th-Match,1384398
Mehidy Hasan Miraz,6.0,0,55,0,9.16,10,6,2,0,0,Bangladesh,7th-Match,1384398
Chris Woakes,8.0,0,49,2,6.12,24,6,0,0,0,England,7th-Match,1384398
Reece Topley,10.0,1,43,4,4.3,35,3,1,0,0,England,7th-Match,1384398
Sam Curran,7.2,0,47,1,6.4,15,5,0,2,0,England,7th-Match,1384398
Mark Wood,10.0,0,29,1,2.9,38,2,0,1,0,England,7th-Match,1384398
Adil Rashid,10.0,0,42,1,4.2,31,1,1,0,0,England,7th-Match,1384398
Liam Livingstone,3.0,0,13,1,4.33,11,0,1,0,0,England,7th-Match,1384398
bowler,overs,maidens,runs,wickets,economy,zeros,fours,sixes,wides,noballs,country,match_name,scorecard_id
Aryan Dutt,10.0,2,62,2,6.2,31,3,3,1,0,Netherlands,6th-Match,1384397
Ryan Klein,7.0,1,41,0,5.85,25,7,0,1,0,Netherlands,6th-Match,1384397
Paul van Meekeren,9.0,0,59,2,6.55,28,7,2,0,1,Netherlands,6th-Match,1384397
Roelof van der Merwe,9.0,0,56,2,6.22,20,5,1,0,0,Netherlands,6th-Match,1384397
Colin Ackermann,4.0,0,28,0,7.0,9,1,2,0,0,Netherlands,6th-Match,1384397
Bas de Leede,10.0,0,64,1,6.4,28,6,2,0,1,Netherlands,6th-Match,1384397
Vikramjit Singh,1.0,0,9,0,9.0,1,1,0,0,0,Netherlands,6th-Match,1384397
Trent Boult,8.0,0,34,0,4.25,29,3,0,1,0,New Zealand,6th-Match,1384397
Matt Henry,8.3,0,40,3,4.7,29,4,0,0,0,New Zealand,6th-Match,1384397
Mitchell Santner,10.0,0,59,5,5.9,30,4,2,0,0,New Zealand,6th-Match,1384397
Lockie Ferguson,8.0,0,32,0,4.0,31,5,0,0,0,New Zealand,6th-Match,1384397
Rachin Ravindra,10.0,0,46,1,4.6,30,3,1,0,1,New Zealand,6th-Match,1384397
Glenn Phillips,2.0,0,11,0,5.5,2,0,0,0,0,New Zealand,6th-Match,1384397
bowler,overs,maidens,runs,wickets,economy,zeros,fours,sixes,wides,noballs,country,match_name,scorecard_id
Jasprit Bumrah,10.0,0,35,2,3.5,41,1,1,4,0,India,5th-Match,1384396
Mohammed Siraj,6.3,1,26,1,4.0,26,3,0,2,0,India,5th-Match,1384396
Hardik Pandya,3.0,0,28,1,9.33,8,6,0,0,0,India,5th-Match,1384396
Ravichandran Ashwin,10.0,1,34,1,3.4,32,2,0,0,0,India,5th-Match,1384396
Kuldeep Yadav,10.0,0,42,2,4.2,31,2,1,0,0,India,5th-Match,1384396
Ravindra Jadeja,10.0,2,28,3,2.8,38,2,0,0,0,India,5th-Match,1384396
Mitchell Starc,8.0,0,31,1,3.87,28,2,0,3,0,Australia,5th-Match,1384396
Josh Hazlewood,9.0,1,38,3,4.22,33,3,1,1,0,Australia,5th-Match,1384396
Pat Cummins,6.2,0,33,0,5.21,19,2,1,1,1,Australia,5th-Match,1384396
Glenn Maxwell,8.0,0,33,0,4.12,24,1,1,0,0,Australia,5th-Match,1384396
Cameron Green,2.0,0,11,0,5.5,7,2,0,0,0,Australia,5th-Match,1384396
Adam Zampa,8.0,0,53,0,6.62,13,4,0,0,0,Australia,5th-Match,1384396
bowler,overs,maidens,runs,wickets,economy,zeros,fours,sixes,wides,noballs,country,match_name,scorecard_id
Kasun Rajitha,10.0,1,90,1,9.0,24,8,5,2,0,Sri Lanka,4th-Match,1384395
Dilshan Madushanka,10.0,0,86,2,8.6,25,12,1,3,1,Sri Lanka,4th-Match,1384395
Dasun Shanaka,6.0,0,36,0,6.0,10,1,1,0,0,Sri Lanka,4th-Match,1384395
Dhananjaya de Silva,4.0,0,39,0,9.75,9,4,2,1,0,Sri Lanka,4th-Match,1384395
Matheesha Pathirana,10.0,0,95,1,9.5,22,10,2,5,0,Sri Lanka,4th-Match,1384395
Dunith Wellalage,10.0,0,81,1,8.1,27,10,3,2,0,Sri Lanka,4th-Match,1384395
Lungi Ngidi,8.0,1,49,1,6.12,30,3,4,2,0,South Africa,4th-Match,1384395
Marco Jansen,10.0,0,92,2,9.2,31,10,6,3,0,South Africa,4th-Match,1384395
Kagiso Rabada,7.5,0,50,2,6.38,22,3,2,2,1,South Africa,4th-Match,1384395
Keshav Maharaj,10.0,0,62,2,6.2,33,6,2,2,0,South Africa,4th-Match,1384395
Gerald Coetzee,9.0,0,68,3,7.55,26,7,3,1,0,South Africa,4th-Match,1384395
bowler,overs,maidens,runs,wickets,economy,zeros,fours,sixes,wides,noballs,country,match_name,scorecard_id
Taskin Ahmed,6.0,0,32,1,5.33,23,3,1,1,0,Bangladesh,3rd-Match,1384394
Shoriful Islam,6.2,1,34,2,5.36,23,5,0,2,0,Bangladesh,3rd-Match,1384394
Mustafizur Rahman,7.0,1,28,1,4.0,26,2,1,0,0,Bangladesh,3rd-Match,1384394
Shakib Al Hasan,8.0,0,30,3,3.75,28,3,0,0,0,Bangladesh,3rd-Match,1384394
Mehidy Hasan Miraz,9.0,3,25,3,2.77,38,1,0,1,0,Bangladesh,3rd-Match,1384394
Mahmudullah,1.0,0,7,0,7.0,3,1,0,0,0,Bangladesh,3rd-Match,1384394
Fazalhaq Farooqi,5.0,0,19,1,3.8,22,2,0,2,0,Afghanistan,3rd-Match,1384394
Mujeeb Ur Rahman,7.0,0,30,0,4.28,26,3,1,0,0,Afghanistan,3rd-Match,1384394
Naveen-ul-Haq,5.4,0,31,1,5.47,14,2,0,1,1,Afghanistan,3rd-Match,1384394
Rashid Khan,9.0,0,48,0,5.33,24,5,0,0,0,Afghanistan,3rd-Match,1384394
Mohammad Nabi,6.0,1,18,0,3.0,20,0,0,1,0,Afghanistan,3rd-Match,1384394
Azmatullah Omarzai,2.0,0,9,1,4.5,7,1,0,0,0,Afghanistan,3rd-Match,1384394
bowler,overs,maidens,runs,wickets,economy,zeros,fours,sixes,wides,noballs,country,match_name,scorecard_id
Aryan Dutt,10.0,0,48,1,4.8,37,7,0,2,0,Netherlands,2nd-Match,1384393
Logan van Beek,6.0,0,30,1,5.0,20,4,0,1,0,Netherlands,2nd-Match,1384393
Colin Ackermann,8.0,1,39,2,4.87,26,1,2,0,0,Netherlands,2nd-Match,1384393
Paul van Meekeren,6.0,0,40,1,6.66,16,5,0,2,0,Netherlands,2nd-Match,1384393
Bas de Leede,9.0,0,62,4,6.88,22,9,0,3,0,Netherlands,2nd-Match,1384393
Roelof van der Merwe,6.0,0,36,0,6.0,14,2,1,0,1,Netherlands,2nd-Match,1384393
Vikramjit Singh,2.0,0,16,0,8.0,5,3,0,0,0,Netherlands,2nd-Match,1384393
Saqib Zulfiqar,2.0,0,15,0,7.5,3,2,0,0,0,Netherlands,2nd-Match,1384393
Shaheen Shah Afridi,7.0,0,37,1,5.28,26,5,0,2,0,Pakistan,2nd-Match,1384393
Hasan Ali,7.0,1,33,2,4.71,31,6,0,4,0,Pakistan,2nd-Match,1384393
Haris Rauf,9.0,0,43,3,4.77,33,5,1,2,0,Pakistan,2nd-Match,1384393
Iftikhar Ahmed,3.0,0,16,1,5.33,7,1,0,0,0,Pakistan,2nd-Match,1384393
Mohammad Nawaz,7.0,0,31,1,4.42,23,2,1,0,0,Pakistan,2nd-Match,1384393
Shadab Khan,8.0,0,45,1,5.62,23,1,2,1,0,Pakistan,2nd-Match,1384393
bowler,overs,maidens,runs,wickets,economy,zeros,fours,sixes,wides,noballs,country,match_name,scorecard_id
Trent Boult,10.0,1,48,1,4.8,34,3,2,1,0,New Zealand,1st-Match,1384392
Matt Henry,10.0,1,48,3,4.8,31,6,0,0,0,New Zealand,1st-Match,1384392
Mitchell Santner,10.0,0,37,2,3.7,26,0,0,1,0,New Zealand,1st-Match,1384392
James Neesham,7.0,0,56,0,8.0,15,5,2,2,0,New Zealand,1st-Match,1384392
Rachin Ravindra,10.0,0,76,1,7.6,14,6,2,0,0,New Zealand,1st-Match,1384392
Glenn Phillips,3.0,0,17,2,5.66,5,1,0,0,0,New Zealand,1st-Match,1384392
Chris Woakes,6.0,0,45,0,7.5,18,7,1,0,0,England,1st-Match,1384392
Sam Curran,6.0,2,47,1,7.83,17,6,1,2,0,England,1st-Match,1384392
Mark Wood,5.0,0,55,0,11.0,9,7,2,1,0,England,1st-Match,1384392
Moeen Ali,9.2,0,60,0,6.42,20,2,3,0,0,England,1st-Match,1384392
Adil Rashid,7.0,0,47,0,6.71,15,4,1,0,0,England,1st-Match,1384392
Liam Livingstone,3.0,0,24,0,8.0,7,4,0,0,0,England,1st-Match,1384392
