bowler,overs,maidens,runs,wickets,economy,zeros,fours,sixes,wides,noballs,team,match_name,innings,scorecard_id
Mukesh Thakur,3.0,0,12,1,4.0,10,1,0,1,0,Thailand,1st-Match,1st,1420801
Robert Raina,2.0,0,14,1,7.0,6,1,1,0,0,Thailand,1st-Match,1st,1420801
Nopphon Senamontree,4.0,0,17,1,4.25,14,2,0,0,0,Thailand,1st-Match,1st,1420801
Chanchai Pengkumta,3.0,0,10,1,3.33,13,1,0,2,0,Thailand,1st-Match,1st,1420801
Khanitson Namchaikul,3.0,0,8,1,2.66,13,0,0,1,0,Thailand,1st-Match,1st,1420801
Sarawut Maliwan,3.0,0,9,3,3.0,12,1,0,0,0,Thailand,1st-Match,1st,1420801
Tenzin Wangchuk,3.0,0,33,0,11.0,6,6,0,0,0,Bhutan,1st-Match,1st,1420801
Karma Dorji,1.0,0,10,0,10.0,1,1,0,1,1,Bhutan,1st-Match,1st,1420801
Namgay Thinley,2.0,0,20,0,10.0,6,4,0,1,0,Bhutan,1st-Match,1st,1420801
Suprit Pradhan,0.5,0,8,0,9.6,0,1,0,0,0,Bhutan,1st-Match,1st,1420801
Tabatha Saville,8.0,1,46,0,5.75,0,0,0,3,0,Tasmania Women,37th-match,1st,1391861
Sasha Moloney,5.0,0,29,0,5.8,0,0,0,1,0,Tasmania Women,37th-match,1st,1391861
Nicola Carey,7.0,0,41,1,5.85,0,0,0,3,0,Tasmania Women,37th-match,1st,1391861
Heather Graham,10.0,1,47,1,4.7,0,0,0,3,1,Tasmania Women,37th-match,1st,1391861
Lauren Smith,10.0,0,38,2,3.8,0,0,0,0,0,Tasmania Women,37th-match,1st,1391861
Maisy Gibson,10.0,0,47,1,4.7,0,0,0,3,0,Tasmania Women,37th-match,1st,1391861
Tayla Vlaeminck,6.0,0,23,0,3.83,0,0,0,3,0,Victoria Women,37th-match,1st,1391861
Jasmine Nevins,4.0,0,29,0,7.25,0,0,0,1,1,Victoria Women,37th-match,1st,1391861
Georgia Prestwidge,6.0,1,45,1,7.5,0,0,0,1,1,Victoria Women,37th-match,1st,1391861
Ella Hayward,8.4,0,61,1,7.03,0,0,0,1,0,Victoria Women,37th-match,1st,1391861
Sophie Day,10.0,0,45,0,4.5,0,0,0,0,0,Victoria Women,37th-match,1st,1391861
Milly Illingworth,5.0,0,33,1,6.6,0,0,0,1,0,Victoria Women,37th-match,1st,1391861
Aanliya Cheeran,4.0,0,23,0,5.75,0,0,0,2,0,Victoria Women,37th-match,1st,1391861
Atit Sheth,26.0,2,91,0,3.5,0,0,0,0,1,Baroda,1st-Elite,1st,1383796
Soyeb Sopariya,15.0,4,71,0,4.73,0,0,0,0,0,Baroda,1st-Elite,1st,1383796
Bhargav Bhatt,22.0,0,69,2,3.13,0,0,0,0,0,Baroda,1st-Elite,1st,1383796
Akash Singh,28.3,4,97,4,3.4,0,0,0,0,0,Baroda,1st-Elite,1st,1383796
Mahesh Pithiya,37.0,6,103,3,2.78,0,0,0,0,0,Baroda,1st-Elite,1st,1383796
Jyotsnil Singh,1.0,0,2,0,2.0,0,0,0,0,0,Baroda,1st-Elite,1st,1383796
Kumar Kartikeya,12.0,2,21,1,1.75,0,0,0,0,0,Madhya Pradesh,1st-Elite,1st,1383796
Anubhav Agarwal,14.0,4,50,3,3.57,0,0,0,0,0,Madhya Pradesh,1st-Elite,1st,1383796
Saransh Jain,10.0,3,32,3,3.2,0,0,0,0,0,Madhya Pradesh,1st-Elite,1st,1383796
Kulwant Khejroliya,8.1,1,23,2,2.81,0,0,0,0,0,Madhya Pradesh,1st-Elite,1st,1383796
Aryan Pandey,3.0,0,6,0,2.0,0,0,0,0,0,Madhya Pradesh,1st-Elite,1st,1383796
Kumar Kartikeya,27.0,5,77,3,2.85,0,0,0,0,0,Baroda,1st-Elite,2nd,1383796
Anubhav Agarwal,16.0,5,30,2,1.87,0,0,0,0,0,Baroda,1st-Elite,2nd,1383796
Aryan Pandey,3.0,0,15,0,5.0,0,0,0,0,0,Baroda,1st-Elite,2nd,1383796
Saransh Jain,26.0,6,59,0,2.26,0,0,0,0,0,Baroda,1st-Elite,2nd,1383796
Kulwant Khejroliya,13.3,5,34,5,2.51,0,0,0,0,0,Baroda,1st-Elite,2nd,1383796
Shubham Sharma,9.0,1,24,0,2.66,0,0,0,0,0,Baroda,1st-Elite,2nd,1383796
Venkatesh Iyer,4.0,0,16,0,4.0,0,0,0,0,0,Baroda,1st-Elite,2nd,1383796
Lakshay Garg,9.0,1,28,0,3.11,0,0,0,2,2,Goa,1st-Elite,1st,1383794
Heramb Parab,11.5,4,22,2,1.85,0,0,0,1,0,Goa,1st-Elite,1st,1383794
Felix Alemao,13.0,1,54,1,4.15,0,0,0,1,0,Goa,1st-Elite,1st,1383794
Deepraj Gaonkar,16.0,5,26,3,1.62,0,0,0,0,1,Goa,1st-Elite,1st,1383794
Mohit Redkar,17.0,0,65,1,3.82,0,0,0,0,0,Goa,1st-Elite,1st,1383794
Darshan Misal,22.0,1,81,2,3.68,0,0,0,0,0,Goa,1st-Elite,1st,1383794
Amogh Sunil Desai,1.0,0,3,0,3.0,0,0,0,0,0,Goa,1st-Elite,1st,1383794
Suyash Prabhudessai,1.0,0,5,0,5.0,0,0,0,0,0,Goa,1st-Elite,1st,1383794
Yuvraj Singh,13.0,3,29,2,2.23,0,0,0,0,0,Railways,1st-Elite,1st,1383794
Himanshu Sangwan,7.0,1,37,0,5.28,0,0,0,0,0,Railways,1st-Elite,1st,1383794
Adarsh Singh,13.2,2,49,4,3.67,0,0,0,0,1,Railways,1st-Elite,1st,1383794
Akash Pandey,23.0,6,62,4,2.69,0,0,0,0,0,Railways,1st-Elite,1st,1383794
Mohammad Saif,12.0,2,18,0,1.5,0,0,0,0,0,Railways,1st-Elite,1st,1383794
Lakshay Garg,16.0,2,53,2,3.31,0,0,0,1,0,Goa,1st-Elite,2nd,1383794
Heramb Parab,14.0,2,42,2,3.0,0,0,0,0,0,Goa,1st-Elite,2nd,1383794
Felix Alemao,3.0,0,19,0,6.33,0,0,0,0,0,Goa,1st-Elite,2nd,1383794
Deepraj Gaonkar,3.0,0,9,0,3.0,0,0,0,0,0,Goa,1st-Elite,2nd,1383794
Mohit Redkar,11.0,2,40,1,3.63,0,0,0,0,0,Goa,1st-Elite,2nd,1383794
Darshan Misal,16.3,3,44,4,2.66,0,0,0,0,0,Goa,1st-Elite,2nd,1383794
Yuvraj Singh,9.0,1,30,0,3.33,0,0,0,0,2,Railways,1st-Elite,2nd,1383794
Akash Pandey,26.2,5,71,9,2.69,0,0,0,0,0,Railways,1st-Elite,2nd,1383794
Himanshu Sangwan,2.0,1,1,0,0.5,0,0,0,0,0,Railways,1st-Elite,2nd,1383794
Mohammad Saif,13.0,0,66,0,5.07,0,0,0,0,0,Railways,1st-Elite,2nd,1383794
Adarsh Singh,9.0,0,18,0,2.0,0,0,0,0,0,Railways,1st-Elite,2nd,1383794
Pratham Singh,6.0,1,50,1,8.33,0,0,0,0,0,Railways,1st-Elite,2nd,1383794
Aniket Choudhary,17.0,3,33,4,1.94,0,0,0,0,0,Rajasthan,1st-Elite,1st,1383784
Manav Suthar,34.0,3,83,1,2.44,0,0,0,0,0,Rajasthan,1st-Elite,1st,1383784
Arafat Khan,13.0,1,47,0,3.61,0,0,0,0,0,Rajasthan,1st-Elite,1st,1383784
Kukna Ajay Singh,41.5,6,120,5,2.86,0,0,0,0,0,Rajasthan,1st-Elite,1st,1383784
Deepak Hooda,11.0,1,35,0,3.18,0,0,0,0,1,Rajasthan,1st-Elite,1st,1383784
Jaydev Unadkat,17.0,7,29,1,1.7,0,0,0,0,0,Saurashtra,1st-Elite,1st,1383784
Dharmendrasinh Jadeja,32.2,6,99,5,3.06,0,0,0,0,0,Saurashtra,1st-Elite,1st,1383784
Chirag Jani,5.0,3,6,0,1.2,0,0,0,0,0,Saurashtra,1st-Elite,1st,1383784
Yuvrajsinh Dodiya,31.0,8,88,4,2.83,0,0,0,0,1,Saurashtra,1st-Elite,1st,1383784
Prerak Mankad,3.0,1,3,0,1.0,0,0,0,0,0,Saurashtra,1st-Elite,1st,1383784
Kevin Jivrajani,3.0,0,11,0,3.66,0,0,0,0,0,Saurashtra,1st-Elite,1st,1383784
Kukna Ajay Singh,23.0,3,69,2,3.0,0,0,0,0,0,Rajasthan,1st-Elite,2nd,1383784
Aniket Choudhary,8.0,0,48,1,6.0,0,0,0,0,0,Rajasthan,1st-Elite,2nd,1383784
Manav Suthar,17.0,0,63,2,3.7,0,0,0,0,0,Rajasthan,1st-Elite,2nd,1383784
Deepak Hooda,12.0,0,35,1,2.91,0,0,0,0,0,Rajasthan,1st-Elite,2nd,1383784
Mahipal Lomror,4.0,0,10,0,2.5,0,0,0,0,0,Rajasthan,1st-Elite,2nd,1383784
Jaydev Unadkat,3.0,0,18,0,6.0,0,0,0,0,0,Saurashtra,1st-Elite,2nd,1383784
Dharmendrasinh Jadeja,13.4,6,32,7,2.34,0,0,0,0,0,Saurashtra,1st-Elite,2nd,1383784
Chirag Jani,1.0,0,4,0,4.0,0,0,0,0,0,Saurashtra,1st-Elite,2nd,1383784
Yuvrajsinh Dodiya,11.0,2,25,3,2.27,0,0,0,0,0,Saurashtra,1st-Elite,2nd,1383784
Mohammad Amir,2.0,0,10,0,5.0,5,0,0,0,0,Desert Vipers,30th-Match,1st,1406918
Dan Lawrence,3.0,0,24,1,8.0,7,4,0,1,0,Desert Vipers,30th-Match,1st,1406918
Sam Curran,4.0,0,29,2,7.25,9,2,1,1,0,Desert Vipers,30th-Match,1st,1406918
Nathan Sowter,4.0,0,21,3,5.25,10,0,1,0,0,Desert Vipers,30th-Match,1st,1406918
Matheesha Pathirana,4.0,0,28,3,7.0,6,1,0,3,0,Desert Vipers,30th-Match,1st,1406918
Ali Naseer,1.0,0,8,0,8.0,0,0,0,0,0,Desert Vipers,30th-Match,1st,1406918
Chris Woakes,1.0,0,13,0,13.0,2,1,1,1,0,Sharjah Warriors,30th-Match,1st,1406918
Mark Watt,2.0,0,23,0,11.5,5,2,2,0,0,Sharjah Warriors,30th-Match,1st,1406918
Daniel Sams,1.0,0,13,0,13.0,3,0,2,0,0,Sharjah Warriors,30th-Match,1st,1406918
Sean Williams,2.0,0,15,1,7.5,5,1,1,0,0,Sharjah Warriors,30th-Match,1st,1406918
Junaid Siddique,2.0,0,16,2,8.0,5,3,0,0,0,Sharjah Warriors,30th-Match,1st,1406918
Adil Rashid,3.0,0,23,0,7.66,3,1,1,0,0,Sharjah Warriors,30th-Match,1st,1406918
Luke Wells,1.0,0,5,0,5.0,2,0,0,0,0,Sharjah Warriors,30th-Match,1st,1406918
Nilansh Keswani,0.5,0,10,0,12.0,1,0,1,1,0,Sharjah Warriors,30th-Match,1st,1406918
Fazalhaq Farooqi,10.0,1,55,1,5.5,32,7,0,1,0,Afghanistan,2nd-ODI,1st,1416075
Azmatullah Omarzai,10.0,0,56,3,5.6,32,4,1,2,1,Afghanistan,2nd-ODI,1st,1416075
Mohammad Nabi,10.0,0,38,0,3.8,30,1,0,2,0,Afghanistan,2nd-ODI,1st,1416075
Gulbadin Naib,5.0,0,48,0,9.6,9,5,1,1,0,Afghanistan,2nd-ODI,1st,1416075
Noor Ahmad,8.0,0,54,1,6.75,15,4,1,1,0,Afghanistan,2nd-ODI,1st,1416075
Qais Ahmad,7.0,0,55,1,7.85,15,4,2,1,0,Afghanistan,2nd-ODI,1st,1416075
Dilshan Madushanka,7.0,1,28,2,4.0,27,2,0,3,0,Sri Lanka,2nd-ODI,1st,1416075
Pramod Madushan,6.0,0,37,1,6.16,20,6,0,1,0,Sri Lanka,2nd-ODI,1st,1416075
Asitha Fernando,6.0,0,23,2,3.83,20,1,0,0,0,Sri Lanka,2nd-ODI,1st,1416075
Maheesh Theekshana,6.0,0,25,0,4.16,22,3,0,2,0,Sri Lanka,2nd-ODI,1st,1416075
Janith Liyanage,2.0,0,13,0,6.5,6,2,0,0,0,Sri Lanka,2nd-ODI,1st,1416075
Wanindu Hasaranga,6.5,0,27,4,3.95,22,2,0,0,0,Sri Lanka,2nd-ODI,1st,1416075
Akeal Hosein,3.0,0,32,0,10.66,7,2,3,0,0,West Indies,2nd-T20I,1st,1375851
Jason Holder,4.0,0,42,2,10.5,7,4,2,1,0,West Indies,2nd-T20I,1st,1375851
Alzarri Joseph,4.0,0,31,1,7.75,11,1,2,2,0,West Indies,2nd-T20I,1st,1375851
Andre Russell,4.0,0,59,0,14.75,8,6,4,1,1,West Indies,2nd-T20I,1st,1375851
Romario Shepherd,4.0,0,48,1,12.0,8,6,2,3,0,West Indies,2nd-T20I,1st,1375851
Rovman Powell,1.0,0,18,0,18.0,0,4,0,0,0,West Indies,2nd-T20I,1st,1375851
Jason Behrendorff,4.0,0,55,1,13.75,9,2,6,3,0,Australia,2nd-T20I,1st,1375851
Josh Hazlewood,4.0,1,31,2,7.75,15,5,1,0,0,Australia,2nd-T20I,1st,1375851
Spencer Johnson,4.0,0,39,2,9.75,12,5,1,2,0,Australia,2nd-T20I,1st,1375851
Marcus Stoinis,4.0,0,36,3,9.0,14,2,3,2,0,Australia,2nd-T20I,1st,1375851
Adam Zampa,4.0,0,39,1,9.75,7,1,3,0,0,Australia,2nd-T20I,1st,1375851
Raj Limbani,10.0,0,38,3,3.8,37,1,1,1,1,India Under-19s,1st-Final,1st,1399764
Naman Tiwari,9.0,0,63,2,7.0,21,6,1,3,0,India Under-19s,1st-Final,1st,1399764
Saumy Pandey,10.0,0,41,1,4.1,32,3,0,1,0,India Under-19s,1st-Final,1st,1399764
Musheer Khan,9.0,0,46,1,5.11,28,3,1,1,0,India Under-19s,1st-Final,1st,1399764
Murugan Abhishek,10.0,0,37,0,3.7,35,0,2,1,0,India Under-19s,1st-Final,1st,1399764
Priyanshu Moliya,2.0,0,17,0,8.5,6,2,1,0,0,India Under-19s,1st-Final,1st,1399764
Callum Vidler,10.0,2,35,2,3.5,39,2,1,1,0,Australia Under-19s,1st-Final,1st,1399764
Charlie Anderson,9.0,0,42,1,4.66,30,4,0,4,0,Australia Under-19s,1st-Final,1st,1399764
Tom Straker,7.5,1,32,1,4.08,31,3,0,2,1,Australia Under-19s,1st-Final,1st,1399764
Mahli Beardman,7.0,2,15,3,2.14,33,1,0,2,0,Australia Under-19s,1st-Final,1st,1399764
Raf MacMillan,10.0,0,43,3,4.3,36,3,2,0,0,Australia Under-19s,1st-Final,1st,1399764
Kusum Godar,4.0,0,21,1,5.25,14,1,0,6,0,Gandaki WU19,4th-Match,1st,1420191
Aakriti Tiwari,3.0,0,16,1,5.33,11,1,0,4,0,Gandaki WU19,4th-Match,1st,1420191
Niruta GT,3.4,0,19,3,5.18,11,2,0,1,0,Gandaki WU19,4th-Match,1st,1420191
Rachana Chaudhary,4.0,0,11,3,2.75,16,0,0,3,0,Gandaki WU19,4th-Match,1st,1420191
Seemana KC,4.0,0,20,0,5.0,12,2,0,0,1,Gandaki WU19,4th-Match,1st,1420191
Jyotsnika Marasini,1.0,0,11,0,11.0,4,2,0,3,0,Gandaki WU19,4th-Match,1st,1420191
Bhawani Kamati,3.0,1,6,1,2.0,13,0,0,1,0,KM-XIW U19,4th-Match,1st,1420191
Haimwoti Roy,4.0,0,25,3,6.25,14,1,0,7,0,KM-XIW U19,4th-Match,1st,1420191
Pratima Sah,4.0,0,9,1,2.25,17,0,0,2,0,KM-XIW U19,4th-Match,1st,1420191
Aarti Mahato,4.0,0,8,1,2.0,16,0,0,0,0,KM-XIW U19,4th-Match,1st,1420191
Riya Sharma,4.0,0,11,1,2.75,17,1,0,0,1,KM-XIW U19,4th-Match,1st,1420191
Dikshya Puri,1.0,0,5,0,5.0,2,0,0,1,0,KM-XIW U19,4th-Match,1st,1420191
Sushmita Bhusal,4.0,0,15,1,3.75,14,0,0,1,0,Lumbini WU19,3rd-Match,1st,1420190
Saru Tiwari,4.0,0,19,0,4.75,12,0,0,3,0,Lumbini WU19,3rd-Match,1st,1420190
Deepa Kunwar,4.0,1,23,0,5.75,15,3,0,4,0,Lumbini WU19,3rd-Match,1st,1420190
Ashma Pulami Magar,4.0,0,30,1,7.5,6,2,0,1,0,Lumbini WU19,3rd-Match,1st,1420190
Angee Pathak,4.0,0,26,1,6.5,12,1,0,9,0,Lumbini WU19,3rd-Match,1st,1420190
Krishma Gururng,4.0,0,18,1,4.5,14,2,0,1,0,Bagmati WU19,3rd-Match,1st,1420190
Bipisha Shahi,4.0,0,24,2,6.0,13,3,0,2,0,Bagmati WU19,3rd-Match,1st,1420190
Manisha Upadhayay,4.0,0,20,1,5.0,12,2,0,0,0,Bagmati WU19,3rd-Match,1st,1420190
Sony Pakhrin,4.0,0,17,0,4.25,16,1,0,2,1,Bagmati WU19,3rd-Match,1st,1420190
Pooja Saud,3.0,0,10,0,3.33,11,0,0,3,0,Bagmati WU19,3rd-Match,1st,1420190
Laxmi Rumba,1.0,0,10,1,10.0,3,1,0,3,0,Bagmati WU19,3rd-Match,1st,1420190
Ishtiaq Ahmad,4.0,0,27,0,6.75,11,4,0,2,0,Saudi Arabia,1st-Final,1st,1418197
Atif-Ur-Rehman,3.0,0,13,1,4.33,12,2,0,0,0,Saudi Arabia,1st-Final,1st,1418197
Usman Najeeb,4.0,0,34,2,8.5,11,2,2,4,0,Saudi Arabia,1st-Final,1st,1418197
Hisham Shaikh,4.0,0,25,2,6.25,11,4,0,0,0,Saudi Arabia,1st-Final,1st,1418197
Waji Ul Hassan,3.0,0,24,0,8.0,7,1,1,1,0,Saudi Arabia,1st-Final,1st,1418197
Usman Khalid,2.0,0,22,0,11.0,8,1,2,0,3,Saudi Arabia,1st-Final,1st,1418197
Sharwan Godara,4.0,0,43,2,10.75,10,5,1,3,0,Cambodia,1st-Final,1st,1418197
Gulam Murtaza,3.3,0,38,0,10.85,4,7,0,0,0,Cambodia,1st-Final,1st,1418197
Utkarsh Jain,4.0,0,34,2,8.5,8,4,1,0,0,Cambodia,1st-Final,1st,1418197
Luqman Butt,2.0,0,12,0,6.0,4,1,0,0,0,Cambodia,1st-Final,1st,1418197
Ram Sharan,4.0,0,23,1,5.75,9,0,1,1,0,Cambodia,1st-Final,1st,1418197
Ramesh Kalimuthu,4.0,0,30,1,7.5,12,5,0,1,1,Singapore,3rd-play-off,1st,1418196
Sachin Banamali,4.0,0,53,0,13.25,4,8,1,0,0,Singapore,3rd-play-off,1st,1418196
Akshay Puri,3.0,0,25,0,8.33,5,2,1,0,0,Singapore,3rd-play-off,1st,1418196
Raoul Sharma,2.0,0,30,0,15.0,1,5,0,1,0,Singapore,3rd-play-off,1st,1418196
Anish Paraam,4.0,0,45,1,11.25,5,3,3,0,0,Singapore,3rd-play-off,1st,1418196
Harsha Bharadwaj,3.0,0,30,1,10.0,3,2,1,1,0,Singapore,3rd-play-off,1st,1418196
Reo Sakurano-Thomas,2.2,0,31,0,13.28,7,3,2,1,1,Japan,3rd-play-off,1st,1418196
Piyush Kumbhare,4.0,0,36,0,9.0,10,4,2,0,0,Japan,3rd-play-off,1st,1418196
Ibrahim Takahashi,2.0,0,38,0,19.0,3,6,1,2,0,Japan,3rd-play-off,1st,1418196
Ryan Drake,2.0,0,31,0,15.5,4,2,3,2,0,Japan,3rd-play-off,1st,1418196
Declan Suzuki,4.0,0,38,1,9.5,9,7,0,0,0,Japan,3rd-play-off,1st,1418196
Sabaorish Ravichandran,4.0,0,22,1,5.5,13,2,1,0,0,Japan,3rd-play-off,1st,1418196
Makoto Taniyama,1.0,0,10,0,10.0,1,0,1,0,0,Japan,3rd-play-off,1st,1418196
Shamma Ali,4.0,0,32,0,8.0,5,2,0,3,1,Maldives Women,16th-Match,1st,1419921
Aishath Meesa Rameez,4.0,0,41,0,10.25,4,5,0,3,0,Maldives Women,16th-Match,1st,1419921
Nabaa Naseem,4.0,0,40,1,10.0,8,6,0,2,1,Maldives Women,16th-Match,1st,1419921
Latsha Haleemath,3.0,0,43,0,14.33,1,5,1,1,1,Maldives Women,16th-Match,1st,1419921
Hawwa Ifasha,1.0,0,16,0,16.0,0,2,0,0,2,Maldives Women,16th-Match,1st,1419921
Sumayya Abdul,2.0,0,23,0,11.5,0,2,0,0,0,Maldives Women,16th-Match,1st,1419921
Fathimath Malha,2.0,0,26,0,13.0,2,4,0,1,0,Maldives Women,16th-Match,1st,1419921
Iqra Sahar,3.0,1,6,1,2.0,16,1,0,1,0,Hong Kong Women,16th-Match,1st,1419921
Betty Chan,3.0,1,14,1,4.66,13,3,0,0,0,Hong Kong Women,16th-Match,1st,1419921
Kary Chan,2.4,1,5,4,1.87,13,0,0,0,0,Hong Kong Women,16th-Match,1st,1419921
Maryam Bibi,3.0,1,4,3,1.33,17,0,0,2,0,Hong Kong Women,16th-Match,1st,1419921
Ruchitha Venkatesh,2.0,0,14,1,7.0,9,3,0,2,0,Hong Kong Women,16th-Match,1st,1419921
Marina Lamplough,2.0,0,6,0,3.0,9,0,0,2,0,Hong Kong Women,16th-Match,1st,1419921
Aysha,4.0,0,21,2,5.25,14,1,0,3,0,Qatar Women,15th-Match,1st,1419920
Angeline Mare,4.0,0,24,1,6.0,14,3,0,2,0,Qatar Women,15th-Match,1st,1419920
Sudha Thapa,4.0,0,18,3,4.5,13,0,0,2,0,Qatar Women,15th-Match,1st,1419920
Sabeeja Panayan,4.0,0,33,1,8.25,11,4,0,4,0,Qatar Women,15th-Match,1st,1419920
Saachi Dhadwal,3.0,0,14,1,4.66,10,0,0,4,0,Qatar Women,15th-Match,1st,1419920
Shrutiben Rana,1.0,0,5,0,5.0,3,0,0,0,1,Qatar Women,15th-Match,1st,1419920
Ainna Hamizah Hashim,4.0,0,11,1,2.75,14,0,0,0,0,Malaysia Women,15th-Match,1st,1419920
Nur Arianna Natsya,1.0,0,9,0,9.0,6,0,0,3,0,Malaysia Women,15th-Match,1st,1419920
Mahirah Izzati Ismail,4.0,1,13,1,3.25,18,2,0,1,0,Malaysia Women,15th-Match,1st,1419920
Winifred Duraisingam,3.4,1,12,1,3.27,14,1,0,0,0,Malaysia Women,15th-Match,1st,1419920
Mas Elysa,3.0,1,8,1,2.66,11,0,0,0,0,Malaysia Women,15th-Match,1st,1419920
Nur Dania Syuhada,4.0,0,21,2,5.25,9,1,0,1,0,Malaysia Women,15th-Match,1st,1419920
Ahilya Chandel,2.5,0,8,4,2.82,12,1,0,0,0,Japan Women,14th-Match,1st,1419919
Nonoha Yasumoto,3.0,0,9,1,3.0,13,0,0,4,0,Japan Women,14th-Match,1st,1419919
Erika Toguchi-Quinn,4.0,0,7,1,1.75,17,0,0,0,0,Japan Women,14th-Match,1st,1419919
Shimako Kato,2.0,0,22,0,11.0,4,4,0,2,0,Japan Women,14th-Match,1st,1419919
Kurumi Ota,4.0,0,15,2,3.75,17,2,0,2,0,Japan Women,14th-Match,1st,1419919
Ayumi Fujikawa,4.0,0,12,1,3.0,15,0,0,2,0,Japan Women,14th-Match,1st,1419919
Xu Qian,4.0,1,14,1,3.5,16,1,0,1,0,China Women,14th-Match,1st,1419919
Yang Yu Xuan,4.0,0,16,2,4.0,16,2,0,0,0,China Women,14th-Match,1st,1419919
Mengting Liu,4.0,1,15,3,3.75,17,2,0,1,0,China Women,14th-Match,1st,1419919
Zheng Lili,4.0,0,14,0,3.5,16,1,0,1,0,China Women,14th-Match,1st,1419919
Mingyue Zhu,2.3,0,16,0,6.4,8,3,0,0,0,China Women,14th-Match,1st,1419919
Zar Thoon,4.0,0,20,0,5.0,16,0,0,9,0,Myanmar Women,13th-Match,1st,1419918
Theint Soe,4.0,0,9,1,2.25,19,0,0,4,0,Myanmar Women,13th-Match,1st,1419918
Lin Htun,4.0,0,21,0,5.25,12,2,0,0,0,Myanmar Women,13th-Match,1st,1419918
Shwe Yee Win,4.0,0,16,1,4.0,14,1,0,2,0,Myanmar Women,13th-Match,1st,1419918
Zin Kyaw,4.0,0,17,3,4.25,16,0,0,8,0,Myanmar Women,13th-Match,1st,1419918
Damini Ramesh,1.0,0,9,0,9.0,2,0,0,3,0,Singapore Women,13th-Match,1st,1419918
GK Diviya,4.0,0,11,2,2.75,19,1,0,1,0,Singapore Women,13th-Match,1st,1419918
Shafina Mahesh,2.3,0,19,1,7.6,7,3,0,1,0,Singapore Women,13th-Match,1st,1419918
Ada Bhasin,2.0,0,12,0,6.0,6,1,0,2,0,Singapore Women,13th-Match,1st,1419918
Vinu Kumar,2.0,0,16,0,8.0,4,2,0,1,0,Singapore Women,13th-Match,1st,1419918
Johanna Pooranakaran,2.0,0,14,2,7.0,7,0,0,8,0,Singapore Women,13th-Match,1st,1419918
Riyaa Bhasin,1.0,0,7,0,7.0,4,1,0,2,0,Singapore Women,13th-Match,1st,1419918
Kabita Kunwar,4.0,1,7,1,1.75,18,0,0,0,0,Nepal Women,12th-Match,1st,1419917
Puja Mahato,3.0,0,14,0,4.66,10,1,0,1,0,Nepal Women,12th-Match,1st,1419917
Rubina Chhetry,4.0,0,10,0,2.5,17,1,0,0,0,Nepal Women,12th-Match,1st,1419917
Sita Rana Magar,4.0,1,8,1,2.0,17,0,0,1,0,Nepal Women,12th-Match,1st,1419917
Indu Barma,3.0,0,19,1,6.33,11,3,0,1,0,Nepal Women,12th-Match,1st,1419917
Kabita Joshi,2.0,0,7,1,3.5,6,0,0,0,0,Nepal Women,12th-Match,1st,1419917
Anju Gurung,2.0,0,9,1,4.5,6,0,0,1,0,Bhutan Women,12th-Match,1st,1419917
Anjuli Ghalley,2.0,0,9,1,4.5,6,1,0,0,0,Bhutan Women,12th-Match,1st,1419917
Sonam,2.0,0,8,0,4.0,10,1,0,3,0,Bhutan Women,12th-Match,1st,1419917
Tshering Choden,3.5,0,21,0,5.47,12,1,1,0,0,Bhutan Women,12th-Match,1st,1419917
Ngawang Choden,2.0,0,13,0,6.5,6,0,1,1,0,Bhutan Women,12th-Match,1st,1419917
Sadamali Bhakshala,4.0,1,12,0,3.0,15,0,0,2,0,Bahrain Women,11th-Match,1st,1419916
Pavithra Shetty,4.0,0,27,1,6.75,11,2,0,4,0,Bahrain Women,11th-Match,1st,1419916
Tharanga Gajanayake,4.0,0,21,2,5.25,15,1,0,5,0,Bahrain Women,11th-Match,1st,1419916
Abeera Waris,2.0,0,18,0,9.0,3,1,0,2,0,Bahrain Women,11th-Match,1st,1419916
Poorvaja Jagdeesha,1.0,0,12,0,12.0,1,1,0,2,0,Bahrain Women,11th-Match,1st,1419916
Deepika Rasangika,3.0,0,22,1,7.33,7,1,1,0,1,Bahrain Women,11th-Match,1st,1419916
Swarna Nunna,2.0,0,16,0,8.0,2,1,0,0,0,Bahrain Women,11th-Match,1st,1419916
Ni Made Putri Suwandewi,3.0,2,2,1,0.66,17,0,0,1,0,Indonesia Women,11th-Match,1st,1419916
Desi Wulandari,3.0,0,4,2,1.33,16,0,0,1,1,Indonesia Women,11th-Match,1st,1419916
Ni Luh Dewi,3.0,0,8,0,2.66,13,0,0,1,0,Indonesia Women,11th-Match,1st,1419916
Andriani Andriani,3.0,0,17,0,5.66,12,3,0,1,0,Indonesia Women,11th-Match,1st,1419916
Ni Wayan Sariani,2.3,1,4,3,1.6,13,0,0,1,0,Indonesia Women,11th-Match,1st,1419916
Sang Ayu,2.0,0,3,2,1.5,9,0,0,0,0,Indonesia Women,11th-Match,1st,1419916
Alifiya Sayed,3.0,0,33,0,11.0,3,5,0,0,1,Oman Women,10th-Match,1st,1419915
Sameera Khan,3.0,0,16,0,5.33,8,1,0,1,0,Oman Women,10th-Match,1st,1419915
Priyanka Mendonca,4.0,0,22,0,5.5,7,0,0,0,0,Oman Women,10th-Match,1st,1419915
Amanda Dcosta,4.0,0,36,1,9.0,10,7,0,0,0,Oman Women,10th-Match,1st,1419915
Sani Zehra,3.0,0,39,0,13.0,2,3,2,1,0,Oman Women,10th-Match,1st,1419915
Akshadha Gunasekar,3.0,0,29,0,9.66,3,4,0,0,0,Oman Women,10th-Match,1st,1419915
Suraksha Kotte,3.0,1,9,3,3.0,15,0,1,0,0,United Arab Emirates Women,10th-Match,1st,1419915
Heena Hotchandani,2.0,1,1,2,0.5,11,0,0,0,0,United Arab Emirates Women,10th-Match,1st,1419915
Esha Oza,2.0,0,4,1,2.0,9,0,0,0,0,United Arab Emirates Women,10th-Match,1st,1419915
Samaira Dharnidharka,2.0,0,6,1,3.0,9,0,0,2,0,United Arab Emirates Women,10th-Match,1st,1419915
Khushi Sharma,2.0,0,2,0,1.0,10,0,0,0,0,United Arab Emirates Women,10th-Match,1st,1419915
Mehak Thakur,1.0,0,5,1,5.0,5,0,0,2,0,United Arab Emirates Women,10th-Match,1st,1419915
Vaishnave Mahesh,1.0,0,1,1,1.0,6,0,0,1,0,United Arab Emirates Women,10th-Match,1st,1419915
Mariamma Hyder,4.0,0,34,0,8.5,8,4,0,1,0,Kuwait Women,9th-Match,1st,1419914
Maria Jasvi,3.0,0,44,0,14.66,3,7,0,3,0,Kuwait Women,9th-Match,1st,1419914
Maryam Omar,4.0,0,12,0,3.0,15,0,0,0,0,Kuwait Women,9th-Match,1st,1419914
Amna Tariq,4.0,0,28,0,7.0,8,3,0,0,0,Kuwait Women,9th-Match,1st,1419914
Zeefa Jilani,4.0,0,41,0,10.25,4,4,1,1,0,Kuwait Women,9th-Match,1st,1419914
Priyada Murali,1.0,0,15,0,15.0,0,1,0,1,1,Kuwait Women,9th-Match,1st,1419914
Chanida Sutthiruang,4.0,0,13,1,3.25,16,1,0,2,0,Thailand Women,9th-Match,1st,1419914
Nattaya Boochatham,4.0,0,12,2,3.0,12,0,0,0,0,Thailand Women,9th-Match,1st,1419914
Thipatcha Putthawong,4.0,0,14,1,3.5,17,2,0,1,0,Thailand Women,9th-Match,1st,1419914
Onnicha Kamchomphu,4.0,0,22,1,5.5,10,2,0,0,0,Thailand Women,9th-Match,1st,1419914
Aphisara Suwanchonrathi,4.0,0,19,2,4.75,11,1,0,1,0,Thailand Women,9th-Match,1st,1419914
Irfanullah Shah,13.0,1,70,1,5.38,0,0,0,0,0,WAPDA,1st-Final,1st,1413193
Ali Shafique,16.0,2,98,1,6.12,0,0,0,1,2,WAPDA,1st-Final,1st,1413193
Asif Afridi,20.0,0,116,0,5.8,0,0,0,0,0,WAPDA,1st-Final,1st,1413193
Tahir Hussain,12.0,0,78,2,6.5,0,0,0,1,0,WAPDA,1st-Final,1st,1413193
Iftikhar Ahmed,18.0,3,105,2,5.83,0,0,0,0,0,WAPDA,1st-Final,1st,1413193
Mohammad Saad,1.0,0,10,0,10.0,0,0,0,0,0,WAPDA,1st-Final,1st,1413193
Shahnawaz Dahani,12.4,4,42,7,3.31,0,0,0,0,1,Sui Northern,1st-Final,1st,1413193
Mir Hamza,11.0,3,30,2,2.72,0,0,0,0,1,Sui Northern,1st-Final,1st,1413193
Bilawal Bhatti,7.0,0,38,1,5.42,0,0,0,1,0,Sui Northern,1st-Final,1st,1413193
Awais Anwar,4.0,0,24,0,6.0,0,0,0,0,0,Sui Northern,1st-Final,1st,1413193
Irfanullah Shah,10.0,1,39,0,3.9,0,0,0,1,0,WAPDA,1st-Final,2nd,1413193
Ali Shafique,14.0,1,53,2,3.78,0,0,0,0,0,WAPDA,1st-Final,2nd,1413193
Asif Afridi,35.0,5,149,5,4.25,0,0,0,0,0,WAPDA,1st-Final,2nd,1413193
Tahir Hussain,10.0,1,50,0,5.0,0,0,0,0,2,WAPDA,1st-Final,2nd,1413193
Iftikhar Ahmed,13.0,1,49,1,3.76,0,0,0,0,0,WAPDA,1st-Final,2nd,1413193
Shahnawaz Dahani,10.0,1,52,2,5.2,0,0,0,0,3,Sui Northern,1st-Final,2nd,1413193
Mir Hamza,9.0,3,50,3,5.55,0,0,0,1,0,Sui Northern,1st-Final,2nd,1413193
Bilawal Bhatti,6.0,0,29,2,4.83,0,0,0,0,0,Sui Northern,1st-Final,2nd,1413193
Awais Anwar,6.0,0,33,0,5.5,0,0,0,2,0,Sui Northern,1st-Final,2nd,1413193
Kamran Ghulam,1.0,0,2,1,2.0,0,0,0,0,0,Sui Northern,1st-Final,2nd,1413193
Swarajeet Das,3.0,1,8,0,2.66,0,0,0,0,0,Meghalaya,2nd-final,1st,1383839
Akash Choudhary,14.0,4,36,3,2.57,0,0,0,0,0,Meghalaya,2nd-final,1st,1383839
Aryan Bora,20.3,3,58,6,2.82,0,0,0,0,0,Meghalaya,2nd-final,1st,1383839
Chengkam Sangma,7.0,1,27,1,3.85,0,0,0,1,0,Meghalaya,2nd-final,1st,1383839
Dippu Sangma,2.0,1,7,0,3.5,0,0,0,0,0,Meghalaya,2nd-final,1st,1383839
Mohit Jangra,12.4,1,32,5,2.52,0,0,0,0,0,Mizoram,2nd-final,1st,1383839
KC Cariappa,22.0,6,59,4,2.68,0,0,0,0,0,Mizoram,2nd-final,1st,1383839
G Lalbiakvela,2.0,0,10,0,5.0,0,0,0,0,0,Mizoram,2nd-final,1st,1383839
Bobby Zothansanga,8.0,2,13,1,1.62,0,0,0,0,0,Mizoram,2nd-final,1st,1383839
Swarajeet Das,3.0,1,5,0,1.66,0,0,0,0,0,Meghalaya,2nd-final,2nd,1383839
Akash Choudhary,13.0,4,33,5,2.53,0,0,0,0,0,Meghalaya,2nd-final,2nd,1383839
Aryan Bora,11.0,2,49,4,4.45,0,0,0,0,0,Meghalaya,2nd-final,2nd,1383839
Chengkam Sangma,4.0,1,17,0,4.25,0,0,0,0,0,Meghalaya,2nd-final,2nd,1383839
Dippu Sangma,4.0,0,22,1,5.5,0,0,0,0,0,Meghalaya,2nd-final,2nd,1383839
Raj Biswa,1.0,0,9,0,9.0,0,0,0,0,0,Meghalaya,2nd-final,2nd,1383839
Jaskirat Singh Sachdeva,2.0,0,13,0,6.5,0,0,0,1,0,Meghalaya,2nd-final,2nd,1383839
Mohit Jangra,11.0,2,48,2,4.36,0,0,0,0,0,Mizoram,2nd-final,2nd,1383839
KC Cariappa,17.0,2,57,1,3.35,0,0,0,0,0,Mizoram,2nd-final,2nd,1383839
Bobby Zothansanga,6.0,0,24,1,4.0,0,0,0,0,0,Mizoram,2nd-final,2nd,1383839
Joseph Lalthankhuma,1.0,0,4,0,4.0,0,0,0,0,0,Mizoram,2nd-final,2nd,1383839
Andrew Vanlalhruaia,0.5,0,4,0,4.8,0,0,0,0,0,Mizoram,2nd-final,2nd,1383839
Karan Tewatiya,15.0,4,45,2,3.0,0,0,0,0,0,Nagaland,1st-final,1st,1383838
Tahmeed Rahman,12.0,1,75,1,6.25,0,0,0,0,0,Nagaland,1st-final,1st,1383838
RS Jaganath Sinivas,17.0,3,43,1,2.52,0,0,0,0,0,Nagaland,1st-final,1st,1383838
Rongsen Jonathan,25.0,1,104,2,4.16,0,0,0,0,0,Nagaland,1st-final,1st,1383838
Khrievitso Kense,14.0,0,71,1,5.07,0,0,0,0,0,Nagaland,1st-final,1st,1383838
Imliwati Lemtur,24.0,0,116,1,4.83,0,0,0,0,0,Nagaland,1st-final,1st,1383838
Ravi Teja,10.0,3,24,2,2.4,0,0,0,0,0,Hyderabad (India),1st-final,1st,1383838
Kartikeya Kak,7.0,1,38,0,5.42,0,0,0,0,0,Hyderabad (India),1st-final,1st,1383838
Tanay Thyagarajan,19.0,4,63,7,3.31,0,0,0,0,0,Hyderabad (India),1st-final,1st,1383838
Elligaram Sanketh,4.0,0,25,0,6.25,0,0,0,0,0,Hyderabad (India),1st-final,1st,1383838
Rohit Rayudu,3.0,0,11,0,3.66,0,0,0,0,0,Hyderabad (India),1st-final,1st,1383838
Palakodeti Sairam,14.1,3,26,1,1.83,0,0,0,0,0,Hyderabad (India),1st-final,1st,1383838
Tilak Varma,3.0,0,6,0,2.0,0,0,0,0,0,Hyderabad (India),1st-final,1st,1383838
Ravi Teja,6.0,3,8,0,1.33,0,0,0,0,0,Nagaland,1st-final,2nd,1383838
Tanay Thyagarajan,26.3,6,81,6,3.05,0,0,0,0,0,Nagaland,1st-final,2nd,1383838
Kartikeya Kak,7.0,0,39,0,5.57,0,0,0,0,0,Nagaland,1st-final,2nd,1383838
Palakodeti Sairam,5.5,0,20,0,3.42,0,0,0,0,0,Nagaland,1st-final,2nd,1383838
Elligaram Sanketh,2.0,0,9,0,4.5,0,0,0,0,0,Nagaland,1st-final,2nd,1383838
Tilak Varma,11.1,3,30,3,2.68,0,0,0,0,0,Nagaland,1st-final,2nd,1383838
Gaurav Yadav,1.0,0,10,0,10.0,0,0,0,0,0,Puducherry,1st-Elite,1st,1383799
Sagar Udeshi,10.0,0,34,3,3.4,0,0,0,0,0,Puducherry,1st-Elite,1st,1383799
Sidak Singh,13.4,2,39,5,2.85,0,0,0,0,0,Puducherry,1st-Elite,1st,1383799
Damodaran Rohit,4.0,0,17,2,4.25,0,0,0,0,0,Puducherry,1st-Elite,1st,1383799
Abid Mushtaq,25.0,3,64,5,2.56,0,0,0,0,0,Jammu & Kashmir,1st-Elite,1st,1383799
Vanshaj Sharma,21.1,1,74,5,3.49,0,0,0,0,0,Jammu & Kashmir,1st-Elite,1st,1383799
Sahil Lotra,5.0,0,15,0,3.0,0,0,0,0,0,Jammu & Kashmir,1st-Elite,1st,1383799
Umran Malik,3.0,0,15,0,5.0,0,0,0,0,0,Jammu & Kashmir,1st-Elite,1st,1383799
Vivrant Sharma,1.0,0,4,0,4.0,0,0,0,0,0,Jammu & Kashmir,1st-Elite,1st,1383799
Sagar Udeshi,27.3,10,48,3,1.74,0,0,0,0,0,Puducherry,1st-Elite,2nd,1383799
Sidak Singh,16.5,3,31,2,1.84,0,0,0,0,0,Puducherry,1st-Elite,2nd,1383799
Damodaran Rohit,18.0,5,46,4,2.55,0,0,0,0,0,Puducherry,1st-Elite,2nd,1383799
Mohit Mittan,1.3,0,6,0,4.0,0,0,0,0,0,Puducherry,1st-Elite,2nd,1383799
Akash Kargave,4.0,2,11,1,2.75,0,0,0,0,0,Puducherry,1st-Elite,2nd,1383799
Abid Mushtaq,18.0,5,28,5,1.55,0,0,0,0,0,Jammu & Kashmir,1st-Elite,2nd,1383799
Vanshaj Sharma,8.3,2,16,5,1.88,0,0,0,0,0,Jammu & Kashmir,1st-Elite,2nd,1383799
Sahil Lotra,9.0,4,13,0,1.44,0,0,0,0,1,Jammu & Kashmir,1st-Elite,2nd,1383799
Varun Choudhary,7.0,2,13,3,1.85,0,0,0,0,0,Services,1st-Elite,1st,1383787
Poonam Poonia,9.0,1,27,3,3.0,0,0,0,0,1,Services,1st-Elite,1st,1383787
Arjun Sharma,8.0,5,3,1,0.37,0,0,0,0,0,Services,1st-Elite,1st,1383787
Raj Bahadur,5.0,0,13,1,2.6,0,0,0,0,0,Services,1st-Elite,1st,1383787
Pulkit Narang,5.2,1,11,1,2.06,0,0,0,0,0,Services,1st-Elite,1st,1383787
Bishworjit Konthoujam,26.0,4,97,3,3.73,0,0,0,0,0,Manipur,1st-Elite,1st,1383787
Kangabam Priyojit,9.0,1,11,1,1.22,0,0,0,0,0,Manipur,1st-Elite,1st,1383787
Bikash Singh,22.0,4,95,3,4.31,0,0,0,0,0,Manipur,1st-Elite,1st,1383787
L Kishan Singha,22.0,5,47,1,2.13,0,0,0,0,0,Manipur,1st-Elite,1st,1383787
Lamabam Singh,17.1,2,37,2,2.15,0,0,0,0,0,Manipur,1st-Elite,1st,1383787
Ronald Longjam,9.0,0,33,0,3.66,0,0,0,0,0,Manipur,1st-Elite,1st,1383787
Johnson Singh,1.0,0,4,0,4.0,0,0,0,0,0,Manipur,1st-Elite,1st,1383787
Varun Choudhary,10.3,3,29,3,2.76,0,0,0,0,0,Services,1st-Elite,2nd,1383787
Arjun Sharma,10.0,7,11,3,1.1,0,0,0,0,0,Services,1st-Elite,2nd,1383787
Poonam Poonia,6.0,0,15,1,2.5,0,0,0,0,0,Services,1st-Elite,2nd,1383787
Raj Bahadur,6.0,2,9,1,1.5,0,0,0,0,0,Services,1st-Elite,2nd,1383787
Pulkit Narang,8.0,6,2,2,0.25,0,0,0,0,0,Services,1st-Elite,2nd,1383787
Shahbaz Nadeem,25.0,4,83,1,3.32,0,0,0,0,0,Jharkhand,1st-Elite,1st,1383785
Saurabh Shekhar,19.0,3,93,1,4.89,0,0,0,0,0,Jharkhand,1st-Elite,1st,1383785
Vikas Kumar,16.0,2,60,0,3.75,0,0,0,0,1,Jharkhand,1st-Elite,1st,1383785
Sushant Mishra,19.0,2,92,1,4.84,0,0,0,0,1,Jharkhand,1st-Elite,1st,1383785
Anukul Roy,28.5,4,80,5,2.77,0,0,0,0,0,Jharkhand,1st-Elite,1st,1383785
Utkarsh Singh,27.0,6,91,2,3.37,0,0,0,0,0,Jharkhand,1st-Elite,1st,1383785
Anshul Kamboj,8.0,0,36,1,4.5,0,0,0,0,0,Haryana,1st-Elite,1st,1383785
Sumit Kumar,8.0,5,9,3,1.12,0,0,0,0,0,Haryana,1st-Elite,1st,1383785
Jayant Yadav,14.3,5,35,5,2.41,0,0,0,0,1,Haryana,1st-Elite,1st,1383785
Harshal Patel,3.0,0,21,0,7.0,0,0,0,0,1,Haryana,1st-Elite,1st,1383785
Nishant Sindhu,5.0,0,14,0,2.8,0,0,0,0,0,Haryana,1st-Elite,1st,1383785
Rahul Tewatia,1.0,1,0,1,0.0,0,0,0,0,0,Haryana,1st-Elite,1st,1383785
Anshul Kamboj,6.0,0,18,1,3.0,0,0,0,0,0,Jharkhand,1st-Elite,2nd,1383785
Sumit Kumar,6.0,0,16,0,2.66,0,0,0,0,0,Jharkhand,1st-Elite,2nd,1383785
Harshal Patel,7.0,3,21,0,3.0,0,0,0,0,0,Jharkhand,1st-Elite,2nd,1383785
Jayant Yadav,21.0,6,55,5,2.61,0,0,0,0,1,Jharkhand,1st-Elite,2nd,1383785
Rahul Tewatia,8.0,1,28,1,3.5,0,0,0,0,0,Jharkhand,1st-Elite,2nd,1383785
Mayank Shandilya,1.0,0,2,0,2.0,0,0,0,0,0,Jharkhand,1st-Elite,2nd,1383785
Nishant Sindhu,12.4,3,39,3,3.07,0,0,0,0,0,Jharkhand,1st-Elite,2nd,1383785
Jalat Khan,14.0,3,53,3,3.78,64,7,1,0,1,Southern Rocks,18th-Match,1st,1402974
Takudzwa Chataira,16.0,4,38,1,2.37,80,4,0,1,5,Southern Rocks,18th-Match,1st,1402974
William Mashinge,11.0,1,45,0,4.09,46,5,0,1,1,Southern Rocks,18th-Match,1st,1402974
Tendai Chisoro,22.0,8,74,0,3.36,97,10,0,0,0,Southern Rocks,18th-Match,1st,1402974
Dom Bess,11.0,0,35,1,3.18,46,2,0,0,0,Southern Rocks,18th-Match,1st,1402974
Johnathan Campbell,19.0,3,62,4,3.26,80,6,1,0,0,Southern Rocks,18th-Match,1st,1402974
Roy Kaia,1.0,1,0,0,0.0,6,0,0,0,0,Southern Rocks,18th-Match,1st,1402974
Michael Chinouya,14.0,2,59,3,4.21,56,7,0,0,0,Mid West Rhinos,18th-Match,1st,1402974
Muhammad Adil,19.0,3,92,3,4.84,79,14,0,1,1,Mid West Rhinos,18th-Match,1st,1402974
Neville Madziva,9.0,0,60,2,6.66,34,8,0,2,1,Mid West Rhinos,18th-Match,1st,1402974
Victor Chirwa,21.0,1,87,0,4.14,80,9,0,0,0,Mid West Rhinos,18th-Match,1st,1402974
Jabulisa Tshuma,19.0,3,69,2,3.63,83,10,0,0,0,Mid West Rhinos,18th-Match,1st,1402974
Ben Curran,7.0,0,25,0,3.57,24,1,0,1,0,Mid West Rhinos,18th-Match,1st,1402974
Remembrance Nyathi,3.0,0,10,0,3.33,9,0,0,0,0,Mid West Rhinos,18th-Match,1st,1402974
Takudzwa Chataira,14.0,5,34,2,2.42,71,4,0,0,1,Southern Rocks,18th-Match,2nd,1402974
Jalat Khan,16.5,3,70,6,4.15,74,11,0,0,0,Southern Rocks,18th-Match,2nd,1402974
Dom Bess,9.0,2,23,1,2.55,42,2,0,0,0,Southern Rocks,18th-Match,2nd,1402974
Johnathan Campbell,6.0,0,33,0,5.5,21,3,1,0,0,Southern Rocks,18th-Match,2nd,1402974
William Mashinge,3.0,0,14,0,4.66,10,2,0,0,0,Southern Rocks,18th-Match,2nd,1402974
Tendai Chisoro,11.0,0,31,0,2.81,48,4,0,0,0,Southern Rocks,18th-Match,2nd,1402974
Roy Kaia,8.0,2,23,1,2.87,33,1,0,0,0,Southern Rocks,18th-Match,2nd,1402974
Michael Chinouya,6.0,1,26,0,4.33,26,3,1,0,0,Mid West Rhinos,18th-Match,2nd,1402974
Muhammad Adil,5.0,0,26,1,5.2,21,5,0,0,0,Mid West Rhinos,18th-Match,2nd,1402974
Jabulisa Tshuma,9.0,0,48,2,5.33,23,4,1,0,0,Mid West Rhinos,18th-Match,2nd,1402974
Victor Chirwa,8.5,0,34,1,3.84,35,4,0,0,1,Mid West Rhinos,18th-Match,2nd,1402974
Salman Mirza,19.0,7,66,3,3.47,91,10,1,0,1,Mountaineers,17th-Match,1st,1402973
Tendai Chatara,19.4,2,93,5,4.72,83,10,4,0,1,Mountaineers,17th-Match,1st,1402973
Donald Tiripano,7.0,2,25,0,3.57,32,4,0,0,0,Mountaineers,17th-Match,1st,1402973
Victor Nyauchi,14.0,3,37,1,2.64,68,5,0,1,1,Mountaineers,17th-Match,1st,1402973
Wellington Masakadza,15.0,4,46,0,3.06,69,7,0,0,0,Mountaineers,17th-Match,1st,1402973
Shingi Masakadza,8.0,1,47,1,5.87,26,3,1,0,3,Mountaineers,17th-Match,1st,1402973
Tony Munyonga,9.0,1,35,0,3.88,37,5,0,0,0,Mountaineers,17th-Match,1st,1402973
Brian Bennett,6.0,0,32,0,5.33,21,3,1,0,0,Mountaineers,17th-Match,1st,1402973
Mamoon Ur Riaz,15.1,3,46,1,3.03,72,7,0,0,0,Matabeleland Tuskers,17th-Match,1st,1402973
Ernest Masuku,17.0,6,44,2,2.58,85,6,1,0,2,Matabeleland Tuskers,17th-Match,1st,1402973
Luke Jongwe,11.2,3,30,3,2.64,55,4,0,0,0,Matabeleland Tuskers,17th-Match,1st,1402973
Brian Chari,9.0,3,27,1,3.0,45,3,1,0,0,Matabeleland Tuskers,17th-Match,1st,1402973
Ainsley Ndlovu,13.0,3,49,3,3.76,61,9,0,0,0,Matabeleland Tuskers,17th-Match,1st,1402973
Milton Shumba,4.0,1,22,0,5.5,17,1,2,0,0,Matabeleland Tuskers,17th-Match,1st,1402973
Nkosana Mpofu,7.0,0,46,0,6.57,26,7,1,0,1,Matabeleland Tuskers,17th-Match,1st,1402973
Salman Mirza,13.0,4,47,1,3.61,57,6,1,0,1,Mountaineers,17th-Match,2nd,1402973
Tendai Chatara,12.0,4,31,0,2.58,60,5,0,0,2,Mountaineers,17th-Match,2nd,1402973
Victor Nyauchi,15.0,4,68,3,4.53,61,7,0,0,4,Mountaineers,17th-Match,2nd,1402973
Wellington Masakadza,32.0,3,121,4,3.78,136,9,6,0,0,Mountaineers,17th-Match,2nd,1402973
Brian Bennett,5.0,0,19,0,3.8,17,1,0,0,0,Mountaineers,17th-Match,2nd,1402973
Tony Munyonga,16.0,2,52,0,3.25,66,1,3,0,0,Mountaineers,17th-Match,2nd,1402973
Mamoon Ur Riaz,17.0,4,51,4,3.0,79,5,1,0,1,Matabeleland Tuskers,17th-Match,2nd,1402973
Ernest Masuku,13.0,4,69,2,5.3,57,11,1,0,1,Matabeleland Tuskers,17th-Match,2nd,1402973
Luke Jongwe,6.0,3,12,2,2.0,33,3,0,0,0,Matabeleland Tuskers,17th-Match,2nd,1402973
Ainsley Ndlovu,5.0,2,16,0,3.2,23,3,0,0,0,Matabeleland Tuskers,17th-Match,2nd,1402973
Nkosana Mpofu,7.0,1,23,2,3.28,31,2,1,0,0,Matabeleland Tuskers,17th-Match,2nd,1402973
Phaphama Fojela,20.0,4,40,1,2.0,0,0,0,0,2,Border,16th-Match,1st,1394674
Nico van Zyl,28.0,5,75,0,2.67,0,0,0,0,0,Border,16th-Match,1st,1394674
Mathew Fourie,26.0,10,71,1,2.73,0,0,0,0,4,Border,16th-Match,1st,1394674
Joshua Dodd,16.0,5,58,0,3.62,0,0,0,0,1,Border,16th-Match,1st,1394674
Jade de Klerk,48.5,8,156,3,3.19,0,0,0,0,1,Border,16th-Match,1st,1394674
Jason Niemand,21.0,4,91,0,4.33,0,0,0,0,0,Border,16th-Match,1st,1394674
Jerry Nqolo,4.0,0,19,0,4.75,0,0,0,0,0,Border,16th-Match,1st,1394674
Basheeru-Deen Walters,23.0,5,50,1,2.17,0,0,0,0,2,Northern Cape,16th-Match,1st,1394674
Johannes van Dyk,19.0,5,49,0,2.57,0,0,0,0,2,Northern Cape,16th-Match,1st,1394674
Tshepo Ntuli,39.0,9,111,2,2.84,0,0,0,0,0,Northern Cape,16th-Match,1st,1394674
Jerome Xaba,16.0,2,61,1,3.81,0,0,0,0,7,Northern Cape,16th-Match,1st,1394674
Ernest Kemm,33.0,10,97,1,2.93,0,0,0,0,1,Northern Cape,16th-Match,1st,1394674
Grant Thomson,13.0,5,21,1,1.61,0,0,0,0,0,Northern Cape,16th-Match,1st,1394674
Christopher Britz,6.5,0,37,0,5.41,0,0,0,0,0,Northern Cape,16th-Match,1st,1394674
Jason Oakes,12.0,1,43,0,3.58,0,0,0,0,0,Northern Cape,16th-Match,1st,1394674
Emmanuel Motswiri,5.0,1,20,0,4.0,0,0,0,0,0,Northern Cape,16th-Match,1st,1394674
Chad Classen,21.0,6,56,4,2.66,0,0,0,1,0,Easterns,18th-Match,1st,1394676
Andrew Rasemene,18.0,4,66,2,3.66,0,0,0,0,4,Easterns,18th-Match,1st,1394676
Shane Dadswell,19.0,5,50,2,2.63,0,0,0,0,0,Easterns,18th-Match,1st,1394676
Divan Posthumus,16.0,4,48,2,3.0,0,0,0,0,0,Easterns,18th-Match,1st,1394676
Tumelo Simelane,15.0,2,32,0,2.13,0,0,0,0,0,Easterns,18th-Match,1st,1394676
Wesley Marshall,5.0,0,12,0,2.4,0,0,0,0,0,Easterns,18th-Match,1st,1394676
Jason van Dyk,1.0,0,5,0,5.0,0,0,0,0,0,Easterns,18th-Match,1st,1394676
Jon Hinrichsen,15.0,4,51,2,3.4,0,0,0,1,0,Mpumalanga,18th-Match,1st,1394676
Ngazibini Sigwili,14.0,2,43,3,3.07,0,0,0,0,0,Mpumalanga,18th-Match,1st,1394676
Gregory Mahlokwana,4.0,1,13,0,3.25,0,0,0,0,0,Mpumalanga,18th-Match,1st,1394676
Hermann Rolfes,8.4,2,31,3,3.57,0,0,0,0,6,Mpumalanga,18th-Match,1st,1394676
Akhulile Mkatu,13.0,2,38,2,2.92,0,0,0,1,2,Mpumalanga,18th-Match,1st,1394676
Jurie Snyman,2.0,1,2,0,1.0,0,0,0,0,0,Mpumalanga,18th-Match,1st,1394676
Divan Posthumus,13.0,1,66,0,5.07,0,0,0,0,3,Easterns,18th-Match,2nd,1394676
Chad Classen,15.0,1,56,0,3.73,0,0,0,0,3,Easterns,18th-Match,2nd,1394676
Andrew Rasemene,17.0,0,72,4,4.23,0,0,0,0,3,Easterns,18th-Match,2nd,1394676
Tumelo Simelane,10.0,0,44,1,4.4,0,0,0,0,0,Easterns,18th-Match,2nd,1394676
Wesley Marshall,8.0,0,44,0,5.5,0,0,0,0,1,Easterns,18th-Match,2nd,1394676
Shaylen Pillay,1.0,0,10,0,10.0,0,0,0,0,0,Easterns,18th-Match,2nd,1394676
Kabelo Sekhukhune,3.2,0,20,0,6.0,0,0,0,0,0,Easterns,18th-Match,2nd,1394676
Jason van Dyk,1.0,0,3,0,3.0,0,0,0,0,0,Easterns,18th-Match,2nd,1394676
Jon Hinrichsen,14.0,6,22,3,1.57,0,0,0,0,0,Mpumalanga,18th-Match,2nd,1394676
Ngazibini Sigwili,10.0,3,18,0,1.8,0,0,0,0,0,Mpumalanga,18th-Match,2nd,1394676
Jurie Snyman,7.0,2,8,0,1.14,0,0,0,0,0,Mpumalanga,18th-Match,2nd,1394676
Hermann Rolfes,13.0,6,20,4,1.53,0,0,0,0,0,Mpumalanga,18th-Match,2nd,1394676
Akhulile Mkatu,7.0,3,8,0,1.14,0,0,0,0,0,Mpumalanga,18th-Match,2nd,1394676
Gregory Mahlokwana,8.0,2,14,1,1.75,0,0,0,0,0,Mpumalanga,18th-Match,2nd,1394676
Zuan Swart,5.2,2,17,2,3.18,0,0,0,0,0,Mpumalanga,18th-Match,2nd,1394676
Lahiru Kumara,16.0,2,58,1,3.62,0,0,0,0,0,Kandy,8th-Match,1st,1417039
Nimsara Atharagalla,13.0,0,62,1,4.76,0,0,0,1,5,Kandy,8th-Match,1st,1417039
Lasith Embuldeniya,18.0,2,67,2,3.72,0,0,0,0,0,Kandy,8th-Match,1st,1417039
Wanuja Sahan,24.0,4,70,6,2.91,0,0,0,0,0,Kandy,8th-Match,1st,1417039
Ashian Daniel,12.0,0,47,0,3.91,0,0,0,0,0,Kandy,8th-Match,1st,1417039
Chalana de Silva,17.0,1,58,1,3.41,0,0,0,0,0,Dambulla,8th-Match,1st,1417039
Mohamed Shiraz,16.0,3,56,1,3.5,0,0,0,1,0,Dambulla,8th-Match,1st,1417039
Murvin Abinash,24.4,1,77,3,3.12,0,0,0,0,0,Dambulla,8th-Match,1st,1417039
Chamindu Wijesinghe,10.0,1,41,0,4.1,0,0,0,1,0,Dambulla,8th-Match,1st,1417039
Dushan Hemantha,10.0,0,53,2,5.3,0,0,0,0,0,Dambulla,8th-Match,1st,1417039
Sonal Dinusha,8.0,0,33,1,4.12,0,0,0,0,0,Dambulla,8th-Match,1st,1417039
Kamindu Mendis,9.0,1,35,2,3.88,0,0,0,0,0,Dambulla,8th-Match,1st,1417039
Lahiru Kumara,11.0,2,41,1,3.72,0,0,0,0,0,Kandy,8th-Match,2nd,1417039
Lasith Embuldeniya,16.0,1,68,0,4.25,0,0,0,0,0,Kandy,8th-Match,2nd,1417039
Nimsara Atharagalla,12.0,0,56,1,4.66,0,0,0,1,3,Kandy,8th-Match,2nd,1417039
Wanuja Sahan,27.3,4,82,4,2.98,0,0,0,0,0,Kandy,8th-Match,2nd,1417039
Ashian Daniel,30.0,5,88,3,2.93,0,0,0,0,0,Kandy,8th-Match,2nd,1417039
Pawantha Weerasinghe,1.0,0,8,0,8.0,0,0,0,0,0,Kandy,8th-Match,2nd,1417039
Kamil Mishara,5.0,0,19,1,3.8,0,0,0,0,0,Kandy,8th-Match,2nd,1417039
Mohamed Shiraz,7.4,2,14,0,1.82,0,0,0,0,1,Dambulla,8th-Match,2nd,1417039
Murvin Abinash,20.0,3,74,2,3.7,0,0,0,0,0,Dambulla,8th-Match,2nd,1417039
Chalana de Silva,9.0,1,21,1,2.33,0,0,0,0,0,Dambulla,8th-Match,2nd,1417039
Chamindu Wijesinghe,3.0,0,16,0,5.33,0,0,0,0,0,Dambulla,8th-Match,2nd,1417039
Kamindu Mendis,7.0,0,27,0,3.85,0,0,0,0,0,Dambulla,8th-Match,2nd,1417039
Dushan Hemantha,17.0,6,35,2,2.05,0,0,0,0,3,Dambulla,8th-Match,2nd,1417039
Sonal Dinusha,14.0,8,16,1,1.14,0,0,0,0,0,Dambulla,8th-Match,2nd,1417039
Saminda Fernando,16.0,3,38,0,2.37,0,0,0,0,1,Jaffna,7th-Match,1st,1417038
Santhush Gunathilake,14.0,5,21,3,1.5,0,0,0,0,0,Jaffna,7th-Match,1st,1417038
Lahiru Madushanka,11.0,3,36,0,3.27,0,0,0,3,0,Jaffna,7th-Match,1st,1417038
Ravindu Fernando,18.0,4,41,2,2.27,0,0,0,0,0,Jaffna,7th-Match,1st,1417038
Shashika Dulshan,12.0,1,58,0,4.83,0,0,0,0,0,Jaffna,7th-Match,1st,1417038
Dilum Sudeera,10.0,0,42,1,4.2,0,0,0,0,1,Jaffna,7th-Match,1st,1417038
Dhananjaya de Silva,8.5,2,26,2,2.94,0,0,0,0,0,Jaffna,7th-Match,1st,1417038
Milan Rathnayake,18.0,1,43,3,2.38,0,0,0,0,0,Galle,7th-Match,1st,1417038
Dhananjaya Lakshan,6.0,0,21,0,3.5,0,0,0,0,0,Galle,7th-Match,1st,1417038
Udith Madushan,12.0,2,49,1,4.08,0,0,0,0,0,Galle,7th-Match,1st,1417038
Nishan Peiris,18.4,4,22,2,1.17,0,0,0,0,0,Galle,7th-Match,1st,1417038
Nimesh Vimukthi,22.0,6,41,4,1.86,0,0,0,0,1,Galle,7th-Match,1st,1417038
Saminda Fernando,10.0,0,55,0,5.5,0,0,0,2,1,Jaffna,7th-Match,2nd,1417038
Santhush Gunathilake,13.1,1,53,2,4.02,0,0,0,0,0,Jaffna,7th-Match,2nd,1417038
Dilum Sudeera,11.0,0,51,0,4.63,0,0,0,0,2,Jaffna,7th-Match,2nd,1417038
Ravindu Fernando,24.0,0,102,1,4.25,0,0,0,0,0,Jaffna,7th-Match,2nd,1417038
Shashika Dulshan,12.0,1,58,0,4.83,0,0,0,0,0,Jaffna,7th-Match,2nd,1417038
Lahiru Madushanka,8.0,0,26,1,3.25,0,0,0,1,0,Jaffna,7th-Match,2nd,1417038
Dhananjaya de Silva,5.0,1,13,0,2.6,0,0,0,0,0,Jaffna,7th-Match,2nd,1417038
Udith Madushan,11.0,2,54,3,4.9,0,0,0,0,0,Galle,7th-Match,2nd,1417038
Milan Rathnayake,11.0,3,34,1,3.09,0,0,0,0,0,Galle,7th-Match,2nd,1417038
Nishan Peiris,16.0,2,48,2,3.0,0,0,0,0,0,Galle,7th-Match,2nd,1417038
Sangeeth Cooray,2.0,2,0,0,0.0,0,0,0,0,0,Galle,7th-Match,2nd,1417038
Nimesh Vimukthi,23.0,5,57,4,2.47,0,0,0,0,0,Galle,7th-Match,2nd,1417038
Dhananjaya Lakshan,2.0,0,11,0,5.5,0,0,0,0,0,Galle,7th-Match,2nd,1417038
JJ Smuts,2.0,0,13,0,6.5,2,1,0,0,0,Durban's Super Giants,1st-Final,1st,1392685
Reece Topley,3.0,0,32,1,10.66,7,3,2,1,0,Durban's Super Giants,1st-Final,1st,1392685
Naveen-ul-Haq,4.0,0,39,0,9.75,6,3,1,0,0,Durban's Super Giants,1st-Final,1st,1392685
Wiaan Mulder,1.0,0,14,0,14.0,3,2,1,0,0,Durban's Super Giants,1st-Final,1st,1392685
Keshav Maharaj,4.0,0,33,2,8.25,9,4,1,0,0,Durban's Super Giants,1st-Final,1st,1392685
Junior Dala,4.0,0,48,0,12.0,3,3,3,0,0,Durban's Super Giants,1st-Final,1st,1392685
Dwaine Pretorius,2.0,0,23,0,11.5,1,4,0,0,0,Durban's Super Giants,1st-Final,1st,1392685
Daniel Worrall,4.0,0,15,2,3.75,14,1,0,0,0,Sunrisers Eastern Cape,1st-Final,1st,1392685
Aiden Markram,1.0,0,4,0,4.0,2,0,0,0,0,Sunrisers Eastern Cape,1st-Final,1st,1392685
Marco Jansen,4.0,0,30,5,7.5,13,2,2,1,0,Sunrisers Eastern Cape,1st-Final,1st,1392685
Liam Dawson,3.0,0,30,0,10.0,5,2,2,1,0,Sunrisers Eastern Cape,1st-Final,1st,1392685
Simon Harmer,2.0,0,18,1,9.0,1,2,0,0,0,Sunrisers Eastern Cape,1st-Final,1st,1392685
Ottniel Baartman,3.0,0,17,2,5.66,7,1,0,1,0,Sunrisers Eastern Cape,1st-Final,1st,1392685
Trent Boult,3.0,0,29,1,9.66,6,5,0,0,0,MI Emirates,29th-Match,1st,1406917
Jordan Thompson,3.0,0,20,1,6.66,6,2,0,0,0,MI Emirates,29th-Match,1st,1406917
Dwayne Bravo,2.0,0,22,1,11.0,6,4,0,4,0,MI Emirates,29th-Match,1st,1406917
Vijayakanth Viyaskanth,4.0,0,23,2,5.75,12,3,0,0,0,MI Emirates,29th-Match,1st,1406917
Dan Mousley,4.0,0,22,2,5.5,11,2,0,0,0,MI Emirates,29th-Match,1st,1406917
Waqar Salamkheil,4.0,0,29,1,7.25,8,3,0,1,0,MI Emirates,29th-Match,1st,1406917
Scott Kuggeleijn,4.0,0,25,1,6.25,14,2,1,3,0,Dubai Capitals,29th-Match,1st,1406917
Olly Stone,4.0,0,36,1,9.0,10,3,1,2,0,Dubai Capitals,29th-Match,1st,1406917
Haider Ali,4.0,0,16,3,4.0,9,0,0,0,0,Dubai Capitals,29th-Match,1st,1406917
Zahir Khan,4.0,0,23,2,5.75,10,0,1,0,0,Dubai Capitals,29th-Match,1st,1406917
Sikandar Raza,4.0,0,23,1,5.75,5,0,0,2,0,Dubai Capitals,29th-Match,1st,1406917
David Willey,3.0,0,34,0,11.33,4,0,3,0,0,Abu Dhabi Knight Riders,28th-Match,1st,1406916
Josh Little,4.0,0,36,0,9.0,9,3,2,0,0,Abu Dhabi Knight Riders,28th-Match,1st,1406916
Imad Wasim,4.0,0,21,1,5.25,10,2,0,0,0,Abu Dhabi Knight Riders,28th-Match,1st,1406916
Sunil Narine,4.0,0,22,0,5.5,7,1,0,0,0,Abu Dhabi Knight Riders,28th-Match,1st,1406916
Fabian Allen,1.0,0,12,0,12.0,0,2,0,0,0,Abu Dhabi Knight Riders,28th-Match,1st,1406916
Ali Khan,4.0,0,39,2,9.75,4,5,0,1,0,Abu Dhabi Knight Riders,28th-Match,1st,1406916
Jamie Overton,4.0,0,32,3,8.0,12,4,0,2,0,Gulf Giants,28th-Match,1st,1406916
Aayan Afzal Khan,3.0,0,20,1,6.66,5,0,1,0,0,Gulf Giants,28th-Match,1st,1406916
Blessing Muzarabani,4.0,0,31,0,7.75,7,4,0,0,1,Gulf Giants,28th-Match,1st,1406916
Gerhard Erasmus,1.0,0,20,0,20.0,2,2,2,0,0,Gulf Giants,28th-Match,1st,1406916
Chris Jordan,4.0,0,22,2,5.5,10,2,0,0,0,Gulf Giants,28th-Match,1st,1406916
Zuhaib Zubair,3.0,0,26,1,8.66,6,3,1,0,0,Gulf Giants,28th-Match,1st,1406916
Dominic Drakes,1.0,0,10,0,10.0,0,1,0,0,0,Gulf Giants,28th-Match,1st,1406916
SM Meherob,1.0,0,7,0,7.0,4,1,0,2,0,Durdanto Dhaka,28th-Match,1st,1412301
Shoriful Islam,4.0,0,36,2,9.0,11,4,2,0,0,Durdanto Dhaka,28th-Match,1st,1412301
Taskin Ahmed,4.0,0,35,2,8.75,10,3,2,2,0,Durdanto Dhaka,28th-Match,1st,1412301
Lahiru Samarakoon,4.0,0,44,0,11.0,7,5,2,1,0,Durdanto Dhaka,28th-Match,1st,1412301
Chaturanga de Silva,4.0,0,28,0,7.0,10,1,2,0,0,Durdanto Dhaka,28th-Match,1st,1412301
Arafat Sunny,1.0,0,14,0,14.0,0,1,1,0,0,Durdanto Dhaka,28th-Match,1st,1412301
Sabbir Hossain,2.0,0,23,0,11.5,2,1,2,0,0,Durdanto Dhaka,28th-Match,1st,1412301
Mehidy Hasan Miraz,2.4,0,17,2,6.37,9,1,1,0,0,Fortune Barishal,28th-Match,1st,1412301
Akif Javed,4.0,0,47,1,11.75,10,3,4,3,0,Fortune Barishal,28th-Match,1st,1412301
Obed McCoy,4.0,0,19,2,4.75,16,3,0,2,0,Fortune Barishal,28th-Match,1st,1412301
Taijul Islam,2.0,0,22,0,11.0,4,3,1,0,0,Fortune Barishal,28th-Match,1st,1412301
Mohammad Saifuddin,4.0,0,21,3,5.25,14,1,1,3,0,Fortune Barishal,28th-Match,1st,1412301
Soumya Sarkar,3.0,1,21,0,7.0,9,2,1,1,0,Fortune Barishal,28th-Match,1st,1412301
Bilal Khan,4.0,0,51,0,12.75,9,3,3,5,1,Chattogram Challengers,27th-Match,1st,1412300
Al-Amin Hossain,4.0,0,40,0,10.0,9,4,2,2,0,Chattogram Challengers,27th-Match,1st,1412300
Shohidul Islam,4.0,0,42,0,10.5,6,4,2,0,0,Chattogram Challengers,27th-Match,1st,1412300
Salauddin Sakil,2.0,0,15,2,7.5,7,1,1,1,0,Chattogram Challengers,27th-Match,1st,1412300
Nihaduzzaman,3.0,0,27,1,9.0,6,2,1,2,0,Chattogram Challengers,27th-Match,1st,1412300
Shykat Ali,1.0,0,15,0,15.0,1,2,0,3,0,Chattogram Challengers,27th-Match,1st,1412300
Shuvagata Hom,1.0,0,10,0,10.0,1,1,0,1,0,Chattogram Challengers,27th-Match,1st,1412300
Curtis Campher,1.0,0,6,0,6.0,3,1,0,0,0,Chattogram Challengers,27th-Match,1st,1412300
Ashiqur Zaman,2.0,0,22,0,11.0,6,0,3,0,0,Rangpur Riders,27th-Match,1st,1412300
Mahedi Hasan,3.0,0,33,0,11.0,5,3,2,0,0,Rangpur Riders,27th-Match,1st,1412300
Shakib Al Hasan,4.0,0,24,2,6.0,10,0,2,0,0,Rangpur Riders,27th-Match,1st,1412300
Hasan Mahmud,3.0,0,18,0,6.0,8,2,0,0,0,Rangpur Riders,27th-Match,1st,1412300
James Neesham,4.0,0,32,2,8.0,10,1,2,2,0,Rangpur Riders,27th-Match,1st,1412300
Imran Tahir,4.0,0,28,1,7.0,10,3,1,0,0,Rangpur Riders,27th-Match,1st,1412300
Anu Kadayat,4.0,0,17,0,4.25,17,1,0,4,0,Sudur P WU19,2nd-Match,1st,1420189
Janaki Thapa,4.0,0,32,0,8.0,6,2,0,4,1,Sudur P WU19,2nd-Match,1st,1420189
Rabina Saud,4.0,0,22,0,5.5,10,1,0,2,0,Sudur P WU19,2nd-Match,1st,1420189
Sneha Mahara,4.0,0,9,1,2.25,16,0,0,0,0,Sudur P WU19,2nd-Match,1st,1420189
Karishma Thapa,2.0,0,29,0,14.5,4,2,1,4,2,Sudur P WU19,2nd-Match,1st,1420189
Ganga Khadka,2.0,0,32,0,16.0,4,4,1,4,1,Sudur P WU19,2nd-Match,1st,1420189
Kusum Godar,1.0,0,18,1,18.0,2,2,0,3,0,Gandaki WU19,2nd-Match,1st,1420189
Aakriti Tiwari,3.0,0,21,2,7.0,7,1,0,3,0,Gandaki WU19,2nd-Match,1st,1420189
Niruta GT,3.5,0,14,1,3.65,15,1,0,1,0,Gandaki WU19,2nd-Match,1st,1420189
Rachana Chaudhary,4.0,0,25,3,6.25,10,2,0,3,0,Gandaki WU19,2nd-Match,1st,1420189
Seemana KC,4.0,0,22,2,5.5,11,3,0,0,0,Gandaki WU19,2nd-Match,1st,1420189
Yashoda Bhujel,1.0,0,10,0,10.0,3,2,0,1,0,Gandaki WU19,2nd-Match,1st,1420189
Sushmita Bhusal,4.0,0,23,0,5.75,14,1,0,6,0,Lumbini WU19,1st-Match,1st,1420188
Saru Tiwari,4.0,1,12,1,3.0,17,0,0,3,0,Lumbini WU19,1st-Match,1st,1420188
Deepa Kunwar,4.0,0,22,0,5.5,12,2,0,1,0,Lumbini WU19,1st-Match,1st,1420188
Ashma Pulami Magar,4.0,0,20,0,5.0,11,2,0,1,0,Lumbini WU19,1st-Match,1st,1420188
Angee Pathak,4.0,0,21,1,5.25,12,2,0,3,0,Lumbini WU19,1st-Match,1st,1420188
Bhawani Kamati,3.0,1,13,2,4.33,16,1,0,7,0,KM-XIW U19,1st-Match,1st,1420188
Haimwoti Roy,2.0,0,9,1,4.5,11,1,0,4,0,KM-XIW U19,1st-Match,1st,1420188
Aarti Mahato,4.0,1,16,1,4.0,18,3,0,0,0,KM-XIW U19,1st-Match,1st,1420188
Riya Sharma,4.0,0,7,3,1.75,19,0,0,1,0,KM-XIW U19,1st-Match,1st,1420188
Trisana Bishwokarma,1.0,0,2,2,2.0,6,0,0,1,0,KM-XIW U19,1st-Match,1st,1420188
Pratima Sah,0.5,0,2,1,2.4,4,0,0,0,0,KM-XIW U19,1st-Match,1st,1420188
Shamma Ali,3.0,0,9,0,3.0,13,0,0,2,0,Maldives Women,8th-Match,1st,1419913
Aishath Meesa Rameez,4.0,1,20,2,5.0,13,1,0,2,0,Maldives Women,8th-Match,1st,1419913
Nabaa Naseem,4.0,0,23,3,5.75,13,3,0,0,0,Maldives Women,8th-Match,1st,1419913
Fathimath Anaal,1.0,0,4,0,4.0,4,0,0,1,0,Maldives Women,8th-Match,1st,1419913
Latsha Haleemath,4.0,0,23,2,5.75,11,0,0,1,3,Maldives Women,8th-Match,1st,1419913
Sumayya Abdul,3.0,0,22,0,7.33,7,0,0,3,1,Maldives Women,8th-Match,1st,1419913
Hawwa Shaaiqa,1.0,0,15,0,15.0,3,0,0,3,3,Maldives Women,8th-Match,1st,1419913
Anju Gurung,4.0,2,6,3,1.5,22,1,0,1,0,Bhutan Women,8th-Match,1st,1419913
Anjuli Ghalley,2.0,1,2,0,1.0,11,0,0,1,0,Bhutan Women,8th-Match,1st,1419913
Tshering Zangmo,4.0,1,10,2,2.5,20,1,0,2,0,Bhutan Women,8th-Match,1st,1419913
Ngawang Choden,4.0,1,5,3,1.25,20,0,0,1,0,Bhutan Women,8th-Match,1st,1419913
Sonam,1.0,0,2,0,2.0,6,0,0,2,0,Bhutan Women,8th-Match,1st,1419913
Dechen Wangmo,2.0,0,2,0,1.0,11,0,0,1,0,Bhutan Women,8th-Match,1st,1419913
Yeshey Choden,1.1,0,3,2,2.57,6,0,0,2,0,Bhutan Women,8th-Match,1st,1419913
Aysha,3.0,0,22,1,7.33,11,3,0,1,2,Qatar Women,7th-Match,1st,1419912
Angeline Mare,4.0,0,10,1,2.5,19,0,0,2,1,Qatar Women,7th-Match,1st,1419912
Sudha Thapa,4.0,1,8,1,2.0,19,0,0,2,0,Qatar Women,7th-Match,1st,1419912
Sabeeja Panayan,4.0,0,13,4,3.25,17,1,0,2,0,Qatar Women,7th-Match,1st,1419912
Saachi Dhadwal,2.1,0,8,2,3.69,11,0,0,2,0,Qatar Women,7th-Match,1st,1419912
Pavithra Shetty,2.0,0,6,0,3.0,7,0,0,0,0,Bahrain Women,7th-Match,1st,1419912
Sadamali Bhakshala,2.0,0,16,1,8.0,6,2,0,3,0,Bahrain Women,7th-Match,1st,1419912
Tharanga Gajanayake,2.0,0,17,0,8.5,5,3,0,1,0,Bahrain Women,7th-Match,1st,1419912
Abeera Waris,2.0,0,12,1,6.0,6,1,0,1,0,Bahrain Women,7th-Match,1st,1419912
Deepika Rasangika,1.0,0,7,1,7.0,3,1,0,0,0,Bahrain Women,7th-Match,1st,1419912
Poorvaja Jagdeesha,0.5,0,4,0,4.8,1,0,0,0,0,Bahrain Women,7th-Match,1st,1419912
Alifiya Sayed,4.0,0,28,1,7.0,11,2,0,4,0,Oman Women,6th-Match,1st,1419911
Sameera Khan,4.0,0,29,0,7.25,13,2,1,6,0,Oman Women,6th-Match,1st,1419911
Amanda Dcosta,4.0,0,22,1,5.5,11,2,0,0,0,Oman Women,6th-Match,1st,1419911
Priyanka Mendonca,4.0,0,23,0,5.75,9,1,0,0,0,Oman Women,6th-Match,1st,1419911
Akshadha Gunasekar,4.0,0,27,0,6.75,9,1,0,5,0,Oman Women,6th-Match,1st,1419911
Ahilya Chandel,4.0,0,25,1,6.25,12,2,0,2,1,Japan Women,6th-Match,1st,1419911
Elena Kusuda-Nairn,2.0,0,18,0,9.0,7,3,0,3,1,Japan Women,6th-Match,1st,1419911
Ayumi Fujikawa,4.0,0,23,1,5.75,12,1,0,2,0,Japan Women,6th-Match,1st,1419911
Shimako Kato,4.0,0,12,2,3.0,16,0,0,1,0,Japan Women,6th-Match,1st,1419911
Erika Toguchi-Quinn,4.0,0,13,0,3.25,13,0,0,0,0,Japan Women,6th-Match,1st,1419911
Kurumi Ota,2.0,0,24,0,12.0,2,1,0,8,0,Japan Women,6th-Match,1st,1419911
Mariamma Hyder,4.0,1,7,3,1.75,18,0,0,0,0,Kuwait Women,5th-Match,1st,1419910
Maria Jasvi,4.0,0,21,2,5.25,14,2,0,0,1,Kuwait Women,5th-Match,1st,1419910
Amna Tariq,3.0,0,13,0,4.33,11,1,0,2,0,Kuwait Women,5th-Match,1st,1419910
Maryam Omar,4.0,1,17,1,4.25,21,3,0,1,1,Kuwait Women,5th-Match,1st,1419910
Priyada Murali,3.0,0,19,0,6.33,9,2,0,0,1,Kuwait Women,5th-Match,1st,1419910
Zeefa Jilani,2.0,0,9,0,4.5,5,0,0,1,0,Kuwait Women,5th-Match,1st,1419910
GK Diviya,4.0,0,11,0,2.75,16,0,0,0,0,Singapore Women,5th-Match,1st,1419910
Ada Bhasin,2.0,0,15,0,7.5,6,1,0,2,0,Singapore Women,5th-Match,1st,1419910
Jocelyn Pooranakaran,1.0,0,14,0,14.0,1,2,0,1,1,Singapore Women,5th-Match,1st,1419910
Shafina Mahesh,2.4,0,16,0,6.0,9,2,0,0,0,Singapore Women,5th-Match,1st,1419910
Roshni Seth,1.0,0,13,0,13.0,3,2,0,2,1,Singapore Women,5th-Match,1st,1419910
Haresh Dhavina,1.0,0,5,0,5.0,3,0,0,0,1,Singapore Women,5th-Match,1st,1419910
Vinu Kumar,2.0,0,15,0,7.5,5,0,1,2,0,Singapore Women,5th-Match,1st,1419910
Kabita Kunwar,4.0,0,13,0,3.25,16,0,0,2,0,Nepal Women,4th-Match,1st,1419909
Puja Mahato,4.0,1,19,2,4.75,17,2,0,3,0,Nepal Women,4th-Match,1st,1419909
Kabita Joshi,2.0,0,15,1,7.5,7,3,0,0,0,Nepal Women,4th-Match,1st,1419909
Indu Barma,2.0,0,7,0,3.5,6,0,0,1,0,Nepal Women,4th-Match,1st,1419909
Rubina Chhetry,4.0,0,15,2,3.75,11,0,0,0,0,Nepal Women,4th-Match,1st,1419909
Sita Rana Magar,4.0,0,22,1,5.5,8,0,0,0,0,Nepal Women,4th-Match,1st,1419909
Iqra Sahar,2.0,0,9,1,4.5,8,0,0,5,0,Hong Kong Women,4th-Match,1st,1419909
Alison Siu,2.0,0,10,0,5.0,7,0,0,3,0,Hong Kong Women,4th-Match,1st,1419909
Kary Chan,2.0,0,22,0,11.0,5,1,1,3,0,Hong Kong Women,4th-Match,1st,1419909
Betty Chan,3.1,0,21,1,6.63,9,2,1,0,0,Hong Kong Women,4th-Match,1st,1419909
Marina Lamplough,2.0,0,16,0,8.0,2,0,0,0,0,Hong Kong Women,4th-Match,1st,1419909
Mariko Hill,3.0,0,16,0,5.33,10,1,0,3,0,Hong Kong Women,4th-Match,1st,1419909
Ainna Hamizah Hashim,4.0,0,9,2,2.25,17,0,0,1,0,Malaysia Women,3rd-Match,1st,1419908
Nur Arianna Natsya,3.0,0,14,0,4.66,11,2,0,0,0,Malaysia Women,3rd-Match,1st,1419908
Winifred Duraisingam,3.0,0,8,1,2.66,13,0,0,2,0,Malaysia Women,3rd-Match,1st,1419908
Mahirah Izzati Ismail,1.0,0,10,0,10.0,2,2,0,0,0,Malaysia Women,3rd-Match,1st,1419908
Nur Dania Syuhada,2.0,0,11,0,5.5,4,1,0,0,0,Malaysia Women,3rd-Match,1st,1419908
Aisya Eleesa,3.0,0,17,0,5.66,8,2,0,1,0,Malaysia Women,3rd-Match,1st,1419908
Mas Elysa,4.0,0,7,2,1.75,17,0,0,0,0,Malaysia Women,3rd-Match,1st,1419908
Ni Made Putri Suwandewi,3.5,0,23,2,6.0,14,3,0,0,1,Indonesia Women,3rd-Match,1st,1419908
Desi Wulandari,3.0,0,8,0,2.66,11,0,0,1,0,Indonesia Women,3rd-Match,1st,1419908
Ni Ariani,3.0,0,20,0,6.66,7,2,0,0,0,Indonesia Women,3rd-Match,1st,1419908
Andriani Andriani,4.0,0,7,0,1.75,17,0,0,0,0,Indonesia Women,3rd-Match,1st,1419908
Ni Luh Dewi,1.0,0,9,0,9.0,4,0,0,5,0,Indonesia Women,3rd-Match,1st,1419908
Ni Wayan Sariani,3.0,0,14,0,4.66,8,0,0,0,0,Indonesia Women,3rd-Match,1st,1419908
Zheng Lili,4.0,0,25,0,6.25,9,3,0,0,0,China Women,2nd-Match,1st,1419907
Mengting Liu,4.0,0,29,0,7.25,11,3,0,3,0,China Women,2nd-Match,1st,1419907
Xu Qian,4.0,0,26,0,6.5,11,4,0,0,0,China Women,2nd-Match,1st,1419907
Chen Xinyu,1.0,0,12,0,12.0,2,2,0,2,0,China Women,2nd-Match,1st,1419907
Wenjing Yin,3.0,0,33,0,11.0,2,2,1,1,0,China Women,2nd-Match,1st,1419907
Mingyue Zhu,4.0,0,30,1,7.5,7,2,0,3,2,China Women,2nd-Match,1st,1419907
Suraksha Kotte,4.0,0,7,2,1.75,19,0,0,1,0,United Arab Emirates Women,2nd-Match,1st,1419907
Esha Oza,4.0,0,6,0,1.5,18,0,0,0,0,United Arab Emirates Women,2nd-Match,1st,1419907
Heena Hotchandani,2.0,0,6,1,3.0,7,0,0,1,0,United Arab Emirates Women,2nd-Match,1st,1419907
Vaishnave Mahesh,4.0,1,11,1,2.75,17,1,0,0,0,United Arab Emirates Women,2nd-Match,1st,1419907
Kavisha Egodage,3.0,0,3,3,1.0,15,0,0,0,0,United Arab Emirates Women,2nd-Match,1st,1419907
Samaira Dharnidharka,0.5,0,1,2,1.2,5,0,0,1,0,United Arab Emirates Women,2nd-Match,1st,1419907
Chanida Sutthiruang,3.0,0,9,3,3.0,15,0,0,5,0,Thailand Women,1st-Match,1st,1419906
Nattaya Boochatham,3.0,0,7,1,2.33,13,0,0,0,0,Thailand Women,1st-Match,1st,1419906
Thipatcha Putthawong,3.0,1,5,1,1.66,15,0,0,1,0,Thailand Women,1st-Match,1st,1419906
Phannita Maya,3.0,0,6,0,2.0,12,0,0,0,0,Thailand Women,1st-Match,1st,1419906
Onnicha Kamchomphu,2.4,0,3,2,1.12,14,0,0,0,0,Thailand Women,1st-Match,1st,1419906
Aphisara Suwanchonrathi,2.0,1,2,0,1.0,11,0,0,0,0,Thailand Women,1st-Match,1st,1419906
Zon Lin,2.0,0,11,0,5.5,7,1,0,0,0,Myanmar Women,1st-Match,1st,1419906
May San,1.0,0,6,0,6.0,2,0,0,2,0,Myanmar Women,1st-Match,1st,1419906
Zin Kyaw,1.0,0,7,0,7.0,2,0,0,2,0,Myanmar Women,1st-Match,1st,1419906
Thae Thae Aung,0.4,0,10,0,15.0,1,2,0,0,0,Myanmar Women,1st-Match,1st,1419906
Marizanne Kapp,9.0,2,28,1,3.11,41,5,0,0,0,South Africa Women,3rd-ODI,1st,1375874
Masabata Klaas,9.0,1,56,4,6.22,31,4,3,2,1,South Africa Women,3rd-ODI,1st,1375874
Ayanda Hlubi,6.0,0,41,0,6.83,19,8,0,0,0,South Africa Women,3rd-ODI,1st,1375874
Eliz-mari Marx,6.0,0,45,1,7.5,18,6,0,4,0,South Africa Women,3rd-ODI,1st,1375874
Nadine de Klerk,10.0,0,49,1,4.9,27,5,0,0,0,South Africa Women,3rd-ODI,1st,1375874
Chloe Tryon,10.0,0,50,1,5.0,30,5,0,3,0,South Africa Women,3rd-ODI,1st,1375874
Kim Garth,5.3,1,14,3,2.54,27,2,0,1,0,Australia Women,3rd-ODI,1st,1375874
Darcie Brown,4.0,0,22,0,5.5,16,3,0,2,1,Australia Women,3rd-ODI,1st,1375874
Annabel Sutherland,3.0,0,18,0,6.0,10,3,0,0,0,Australia Women,3rd-ODI,1st,1375874
Tahlia McGrath,4.0,0,23,3,5.75,15,3,0,1,0,Australia Women,3rd-ODI,1st,1375874
Ashleigh Gardner,3.0,0,22,0,7.33,8,2,1,1,0,Australia Women,3rd-ODI,1st,1375874
Alana King,5.0,1,26,4,5.2,15,3,0,1,0,Australia Women,3rd-ODI,1st,1375874
Sompal Kami,7.0,0,49,1,7.0,22,9,0,0,0,Nepal,2nd-ODI,1st,1420221
Rijan Dhakal,7.0,0,41,0,5.85,22,7,0,0,0,Nepal,2nd-ODI,1st,1420221
Kushal Malla,10.0,0,51,2,5.1,33,3,2,2,0,Nepal,2nd-ODI,1st,1420221
Surya Tamang,10.0,1,46,1,4.6,37,6,0,1,0,Nepal,2nd-ODI,1st,1420221
Aakash Chand,5.0,0,31,1,6.2,15,3,1,2,0,Nepal,2nd-ODI,1st,1420221
Pawan Sarraf,3.0,0,28,1,9.33,6,4,0,1,0,Nepal,2nd-ODI,1st,1420221
Rohit Paudel,8.0,0,32,2,4.0,28,2,1,1,0,Nepal,2nd-ODI,1st,1420221
Uday Bhagwan,5.0,0,54,0,10.8,8,6,2,1,0,Canada,2nd-ODI,1st,1420221
Harsh Thaker,9.1,0,79,2,8.61,23,6,5,0,0,Canada,2nd-ODI,1st,1420221
Saad Bin Zafar,10.0,2,33,1,3.3,42,4,0,2,0,Canada,2nd-ODI,1st,1420221
Ishwarjot Sohi,7.0,0,48,2,6.85,24,7,1,3,0,Canada,2nd-ODI,1st,1420221
Shahid Ahmadzai,10.0,2,37,0,3.7,40,3,1,0,0,Canada,2nd-ODI,1st,1420221
Navneet Dhaliwal,1.0,0,20,0,20.0,2,2,2,0,0,Canada,2nd-ODI,1st,1420221
Dilpreet Bajwa,3.0,0,14,1,4.66,12,2,0,1,0,Canada,2nd-ODI,1st,1420221
Kristian Clarke,10.0,0,78,2,7.8,0,0,0,4,0,Northern Districts,24th-match,1st,1391894
Brett Hampton,10.0,1,53,3,5.3,0,0,0,3,0,Northern Districts,24th-match,1st,1391894
Tim Pringle,10.0,0,41,1,4.1,0,0,0,0,0,Northern Districts,24th-match,1st,1391894
Ewald Schreuder,6.0,1,30,1,5.0,0,0,0,5,0,Northern Districts,24th-match,1st,1391894
Joe Walker,8.3,0,45,2,5.29,0,0,0,2,0,Northern Districts,24th-match,1st,1391894
Peter Drysdale,5.0,0,22,1,4.4,0,0,0,0,0,Northern Districts,24th-match,1st,1391894
Fraser Sheat,5.0,1,16,1,3.2,0,0,0,0,0,Canterbury,24th-match,1st,1391894
Zakary Foulkes,5.0,2,12,1,2.4,0,0,0,0,0,Canterbury,24th-match,1st,1391894
Adam Milne,9.4,1,55,2,5.68,0,0,0,0,1,Wellington,23rd-match,1st,1391893
Logan van Beek,9.0,2,27,3,3.0,0,0,0,0,0,Wellington,23rd-match,1st,1391893
Nathan Smith,8.0,0,55,1,6.87,0,0,0,4,0,Wellington,23rd-match,1st,1391893
Ben Sears,8.0,0,45,2,5.62,0,0,0,0,0,Wellington,23rd-match,1st,1391893
Peter Younghusband,10.0,0,38,2,3.8,0,0,0,0,0,Wellington,23rd-match,1st,1391893
Jacob Duffy,10.0,0,40,2,4.0,0,0,0,0,0,Otago,23rd-match,1st,1391893
Andrew Hazeldine,9.0,0,45,0,5.0,0,0,0,2,1,Otago,23rd-match,1st,1391893
Matthew Bacon,8.1,1,28,1,3.42,0,0,0,1,0,Otago,23rd-match,1st,1391893
Luke Georgeson,10.0,1,37,5,3.7,0,0,0,1,0,Otago,23rd-match,1st,1391893
Ben Lockrose,8.0,0,40,1,5.0,0,0,0,2,0,Otago,23rd-match,1st,1391893
Dean Foxcroft,3.0,0,15,0,5.0,0,0,0,0,0,Otago,23rd-match,1st,1391893
Raymond Toole,9.1,0,38,2,4.14,0,0,0,3,1,Central Districts,22nd-match,1st,1391892
Blair Tickner,10.0,0,43,2,4.3,0,0,0,2,0,Central Districts,22nd-match,1st,1391892
Josh Clarkson,8.0,1,48,1,6.0,0,0,0,2,0,Central Districts,22nd-match,1st,1391892
William Clark,2.0,0,21,0,10.5,0,0,0,0,0,Central Districts,22nd-match,1st,1391892
Ajaz Patel,10.0,0,31,3,3.1,0,0,0,3,0,Central Districts,22nd-match,1st,1391892
Jayden Lennox,10.0,1,46,2,4.6,0,0,0,0,0,Central Districts,22nd-match,1st,1391892
Ben Lister,10.0,0,29,1,2.9,0,0,0,2,0,Auckland,22nd-match,1st,1391892
Angus Olliver,8.0,1,50,1,6.25,0,0,0,0,0,Auckland,22nd-match,1st,1391892
Jock McKenzie,10.0,0,53,1,5.3,0,0,0,0,0,Auckland,22nd-match,1st,1391892
Louis Delport,10.0,0,38,1,3.8,0,0,0,0,0,Auckland,22nd-match,1st,1391892
Ryan Harrison,6.1,0,30,0,4.86,0,0,0,0,0,Auckland,22nd-match,1st,1391892
Mark Chapman,5.0,0,34,0,6.8,0,0,0,0,0,Auckland,22nd-match,1st,1391892
Matthew Pollard,9.0,6,6,2,0.66,0,0,0,0,0,Knights,17th-Match,1st,1394675
Tiaan van Vuuren,7.0,1,29,1,4.14,0,0,0,0,1,Knights,17th-Match,1st,1394675
Sithembile Langa,9.0,4,13,5,1.44,0,0,0,0,0,Knights,17th-Match,1st,1394675
Dian Forrester,6.1,3,10,2,1.62,0,0,0,0,0,Knights,17th-Match,1st,1394675
Nhlakanipho Mpungose,1.0,0,6,0,6.0,0,0,0,1,0,Knights,17th-Match,1st,1394675
Khwezi Gumede,12.0,1,59,2,4.91,0,0,0,0,0,South Western Districts,17th-Match,1st,1394675
Sintu Majeza,14.2,4,41,2,2.86,0,0,0,2,1,South Western Districts,17th-Match,1st,1394675
Jarred Jardine,11.0,0,46,1,4.18,0,0,0,0,0,South Western Districts,17th-Match,1st,1394675
Kelly Smuts,9.0,3,25,2,2.77,0,0,0,0,0,South Western Districts,17th-Match,1st,1394675
Thomas Kaber,10.0,3,31,3,3.1,0,0,0,0,0,South Western Districts,17th-Match,1st,1394675
Matthew Pollard,12.0,0,53,1,4.41,0,0,0,0,0,Knights,17th-Match,2nd,1394675
Tiaan van Vuuren,22.0,5,64,4,2.9,0,0,0,0,0,Knights,17th-Match,2nd,1394675
Dian Forrester,5.0,1,24,0,4.8,0,0,0,0,1,Knights,17th-Match,2nd,1394675
Sithembile Langa,14.0,1,47,2,3.35,0,0,0,0,0,Knights,17th-Match,2nd,1394675
Monde Maqunqu,5.0,0,16,0,3.2,0,0,0,0,0,Knights,17th-Match,2nd,1394675
Nhlakanipho Mpungose,6.0,0,26,0,4.33,0,0,0,0,2,Knights,17th-Match,2nd,1394675
Jacques Snyman,2.0,0,11,0,5.5,0,0,0,0,0,Knights,17th-Match,2nd,1394675
Aubrey Swanepoel,4.2,0,17,2,3.92,0,0,0,0,0,Knights,17th-Match,2nd,1394675
Thomas Kaber,3.0,0,18,0,6.0,0,0,0,0,0,South Western Districts,17th-Match,2nd,1394675
Khwezi Gumede,6.5,0,43,1,6.29,0,0,0,0,0,South Western Districts,17th-Match,2nd,1394675
Sintu Majeza,5.0,0,29,0,5.8,0,0,0,0,0,South Western Districts,17th-Match,2nd,1394675
Jarred Jardine,4.0,0,15,0,3.75,0,0,0,1,0,South Western Districts,17th-Match,2nd,1394675
Pheko Moletsane,3.0,0,18,0,6.0,0,0,0,0,1,South Western Districts,17th-Match,2nd,1394675
Jediah Blades,18.0,2,64,2,3.55,0,0,0,0,1,Comb C&C,2nd-Match,1st,1419860
Govasta Edmond,13.0,3,33,1,2.53,0,0,0,0,1,Comb C&C,2nd-Match,1st,1419860
Sion Hackett,13.0,1,78,0,6.0,0,0,0,1,1,Comb C&C,2nd-Match,1st,1419860
Jonathan Carter,6.0,0,28,1,4.66,0,0,0,0,0,Comb C&C,2nd-Match,1st,1419860
Zishan Motara,9.2,1,54,2,5.78,0,0,0,0,0,Comb C&C,2nd-Match,1st,1419860
Romario Greaves,10.0,0,54,2,5.4,0,0,0,0,0,Comb C&C,2nd-Match,1st,1419860
Shatrughan Rambaran,3.0,0,27,0,9.0,0,0,0,0,0,Comb C&C,2nd-Match,1st,1419860
Akeem Jordan,16.0,5,30,2,1.87,0,0,0,0,0,Barbados,2nd-Match,1st,1419860
Chemar Holder,13.0,3,31,0,2.38,0,0,0,0,0,Barbados,2nd-Match,1st,1419860
Jomel Warrican,22.3,10,29,4,1.28,0,0,0,0,0,Barbados,2nd-Match,1st,1419860
Roshon Primus,5.0,0,17,1,3.4,0,0,0,1,3,Barbados,2nd-Match,1st,1419860
Chaim Holder,20.0,5,71,3,3.55,0,0,0,0,0,Barbados,2nd-Match,1st,1419860
Kraigg Brathwaite,2.0,0,2,0,1.0,0,0,0,0,0,Barbados,2nd-Match,1st,1419860
Akeem Jordan,12.0,2,45,1,3.75,0,0,0,0,2,Comb C&C,2nd-Match,2nd,1419860
Chemar Holder,12.0,2,34,1,2.83,0,0,0,0,1,Comb C&C,2nd-Match,2nd,1419860
Roshon Primus,7.0,1,20,0,2.85,0,0,0,0,2,Comb C&C,2nd-Match,2nd,1419860
Chaim Holder,24.5,3,69,5,2.77,0,0,0,0,0,Comb C&C,2nd-Match,2nd,1419860
Jomel Warrican,10.0,4,16,3,1.6,0,0,0,0,0,Comb C&C,2nd-Match,2nd,1419860
Kevin Wickham,1.0,0,2,0,2.0,0,0,0,0,0,Comb C&C,2nd-Match,2nd,1419860
Jediah Blades,2.4,0,19,1,7.12,0,0,0,0,0,Barbados,2nd-Match,2nd,1419860
Govasta Edmond,2.0,0,16,0,8.0,0,0,0,0,0,Barbados,2nd-Match,2nd,1419860
Johann Layne,11.0,4,18,2,1.63,0,0,0,0,0,West Indies Academy,3rd-Match,1st,1419861
Nyeem Young,10.0,1,52,2,5.2,0,0,0,0,0,West Indies Academy,3rd-Match,1st,1419861
Joshua James,7.0,3,11,3,1.57,0,0,0,0,0,West Indies Academy,3rd-Match,1st,1419861
Joshua Bishop,12.0,2,29,1,2.41,0,0,0,0,0,West Indies Academy,3rd-Match,1st,1419861
Ashmead Nedd,10.1,7,3,2,0.29,0,0,0,0,0,West Indies Academy,3rd-Match,1st,1419861
Kadeem Alleyne,4.0,0,19,0,4.75,0,0,0,2,0,West Indies Academy,3rd-Match,1st,1419861
Jeremiah Louis,14.0,4,29,5,2.07,0,0,0,0,0,Leeward Islands,3rd-Match,1st,1419861
Javier Spencer,11.2,3,43,3,3.79,0,0,0,0,1,Leeward Islands,3rd-Match,1st,1419861
Colin Archibald,9.0,1,43,1,4.77,0,0,0,0,6,Leeward Islands,3rd-Match,1st,1419861
Rahkeem Cornwall,8.0,0,32,1,4.0,0,0,0,0,0,Leeward Islands,3rd-Match,1st,1419861
Terrence Warde,2.0,0,15,0,7.5,0,0,0,0,0,Leeward Islands,3rd-Match,1st,1419861
Daniel Doram,3.0,1,7,0,2.33,0,0,0,0,0,Leeward Islands,3rd-Match,1st,1419861
Johann Layne,13.0,3,45,3,3.46,0,0,0,1,0,West Indies Academy,3rd-Match,2nd,1419861
Nyeem Young,22.0,6,48,2,2.18,0,0,0,2,0,West Indies Academy,3rd-Match,2nd,1419861
Joshua James,12.0,2,25,0,2.08,0,0,0,1,0,West Indies Academy,3rd-Match,2nd,1419861
Kadeem Alleyne,1.0,0,5,0,5.0,0,0,0,0,0,West Indies Academy,3rd-Match,2nd,1419861
Ashmead Nedd,23.4,5,66,2,2.78,0,0,0,0,0,West Indies Academy,3rd-Match,2nd,1419861
Joshua Bishop,16.0,4,33,3,2.06,0,0,0,0,0,West Indies Academy,3rd-Match,2nd,1419861
Jeremiah Louis,9.0,1,41,3,4.55,0,0,0,1,0,Leeward Islands,3rd-Match,2nd,1419861
Javier Spencer,2.0,0,20,0,10.0,0,0,0,0,0,Leeward Islands,3rd-Match,2nd,1419861
Rahkeem Cornwall,14.0,1,84,1,6.0,0,0,0,0,0,Leeward Islands,3rd-Match,2nd,1419861
Colin Archibald,7.0,1,36,1,5.14,0,0,0,0,1,Leeward Islands,3rd-Match,2nd,1419861
Kofi James,1.0,0,1,0,1.0,0,0,0,0,0,Leeward Islands,3rd-Match,2nd,1419861
Daniel Doram,0.5,0,12,0,14.4,0,0,0,0,0,Leeward Islands,3rd-Match,2nd,1419861
Richard Ngarava,2.0,0,34,0,17.0,3,3,3,0,0,Dubai Capitals,27th-Match,1st,1406915
Olly Stone,4.0,0,31,2,7.75,9,3,1,0,0,Dubai Capitals,27th-Match,1st,1406915
Scott Kuggeleijn,3.0,0,35,1,11.66,7,3,2,1,0,Dubai Capitals,27th-Match,1st,1406915
Roelof van der Merwe,3.0,0,19,2,6.33,11,2,1,0,0,Dubai Capitals,27th-Match,1st,1406915
Haider Ali,4.0,0,35,1,8.75,7,1,2,0,0,Dubai Capitals,27th-Match,1st,1406915
Sikandar Raza,4.0,0,16,1,4.0,9,0,0,0,0,Dubai Capitals,27th-Match,1st,1406915
Mohammad Amir,4.0,0,37,1,9.25,9,5,0,3,0,Desert Vipers,27th-Match,1st,1406915
Sam Curran,4.0,0,39,2,9.75,5,5,1,0,0,Desert Vipers,27th-Match,1st,1406915
Ali Naseer,4.0,0,31,1,7.75,8,1,2,1,0,Desert Vipers,27th-Match,1st,1406915
Matheesha Pathirana,4.0,0,24,1,6.0,8,1,0,1,0,Desert Vipers,27th-Match,1st,1406915
Nathan Sowter,3.0,0,20,0,6.66,6,2,0,0,0,Desert Vipers,27th-Match,1st,1406915
Dan Lawrence,1.0,0,12,0,12.0,2,1,1,0,0,Desert Vipers,27th-Match,1st,1406915
Matthew Forde,4.0,0,35,3,8.75,12,6,1,0,0,Comilla Victorians,26th-Match,1st,1412299
Al Islam,4.0,0,29,1,7.25,8,2,1,1,0,Comilla Victorians,26th-Match,1st,1412299
Will Jacks,4.0,0,24,0,6.0,12,2,1,1,0,Comilla Victorians,26th-Match,1st,1412299
Mustafizur Rahman,2.0,0,33,0,16.5,0,4,1,3,0,Comilla Victorians,26th-Match,1st,1412299
Tanvir Islam,2.0,0,14,0,7.0,4,2,0,0,0,Comilla Victorians,26th-Match,1st,1412299
Raymon Reifer,4.0,0,37,0,9.25,5,4,1,0,0,Comilla Victorians,26th-Match,1st,1412299
Shoriful Islam,4.0,0,32,2,8.0,13,4,1,0,0,Durdanto Dhaka,26th-Match,1st,1412299
Taskin Ahmed,4.0,0,45,0,11.25,7,5,2,0,0,Durdanto Dhaka,26th-Match,1st,1412299
Arafat Sunny,4.0,0,33,1,8.25,10,3,2,0,0,Durdanto Dhaka,26th-Match,1st,1412299
Mohammad Irfan,2.5,0,24,1,8.47,6,3,0,0,1,Durdanto Dhaka,26th-Match,1st,1412299
Chaturanga de Silva,4.0,0,21,1,5.25,9,0,1,0,0,Durdanto Dhaka,26th-Match,1st,1412299
Saif Hassan,1.0,0,20,0,20.0,2,0,3,1,0,Durdanto Dhaka,26th-Match,1st,1412299
Sunzamul Islam,4.0,0,16,1,4.0,14,2,0,0,0,Sylhet Strikers,25th-Match,1st,1412298
Tanzim Hasan Sakib,3.0,0,26,0,8.66,7,4,0,2,0,Sylhet Strikers,25th-Match,1st,1412298
Samit Patel,4.0,0,22,1,5.5,12,3,0,0,0,Sylhet Strikers,25th-Match,1st,1412298
Harry Tector,1.0,0,8,0,8.0,3,1,0,1,0,Sylhet Strikers,25th-Match,1st,1412298
Rejaur Rahman Raja,3.0,0,45,0,15.0,3,3,4,1,0,Sylhet Strikers,25th-Match,1st,1412298
Benny Howell,4.0,0,27,1,6.75,9,0,2,0,0,Sylhet Strikers,25th-Match,1st,1412298
Ryan Burl,1.0,0,7,0,7.0,2,1,0,0,0,Sylhet Strikers,25th-Match,1st,1412298
Nahidul Islam,3.0,1,11,1,3.66,12,0,1,0,0,Khulna Tigers,25th-Match,1st,1412298
Sumon Khan,4.0,0,36,1,9.0,8,3,1,3,1,Khulna Tigers,25th-Match,1st,1412298
Mark Deyal,4.0,0,19,3,4.75,13,1,1,0,0,Khulna Tigers,25th-Match,1st,1412298
Kasun Rajitha,3.0,0,29,0,9.66,6,4,1,0,0,Khulna Tigers,25th-Match,1st,1412298
Nasum Ahmed,3.0,0,26,0,8.66,7,3,1,0,0,Khulna Tigers,25th-Match,1st,1412298
Rubel Hossain,2.0,0,36,0,18.0,1,2,3,4,0,Khulna Tigers,25th-Match,1st,1412298
Fazalhaq Farooqi,9.0,0,77,0,8.55,23,10,2,1,1,Afghanistan,1st-ODI,1st,1416074
Azmatullah Omarzai,6.0,0,55,0,9.16,15,7,1,4,0,Afghanistan,1st-ODI,1st,1416074
Fareed Ahmad,9.0,1,79,2,8.77,21,7,3,3,1,Afghanistan,1st-ODI,1st,1416074
Gulbadin Naib,8.0,0,61,0,7.62,15,3,3,0,0,Afghanistan,1st-ODI,1st,1416074
Noor Ahmad,8.0,0,62,0,7.75,17,3,3,1,0,Afghanistan,1st-ODI,1st,1416074
Mohammad Nabi,10.0,0,44,1,4.4,27,3,0,1,0,Afghanistan,1st-ODI,1st,1416074
Dilshan Madushanka,9.0,0,65,0,7.22,23,10,0,2,0,Sri Lanka,1st-ODI,1st,1416074
Pramod Madushan,10.0,0,75,4,7.5,32,8,3,1,1,Sri Lanka,1st-ODI,1st,1416074
Dushmantha Chameera,7.3,0,55,2,7.33,22,10,0,0,0,Sri Lanka,1st-ODI,1st,1416074
Wanindu Hasaranga,10.0,1,57,0,5.7,25,2,3,1,0,Sri Lanka,1st-ODI,1st,1416074
Maheesh Theekshana,10.0,0,56,0,5.6,27,4,2,0,0,Sri Lanka,1st-ODI,1st,1416074
Janith Liyanage,3.0,0,25,0,8.33,4,1,1,1,0,Sri Lanka,1st-ODI,1st,1416074
Charith Asalanka,0.3,0,3,0,6.0,1,0,0,0,0,Sri Lanka,1st-ODI,1st,1416074
Akeal Hosein,4.0,0,42,0,10.5,7,5,1,1,0,West Indies,1st-T20I,1st,1375850
Jason Holder,3.0,0,37,1,12.33,5,7,0,0,0,West Indies,1st-T20I,1st,1375850
Alzarri Joseph,4.0,0,46,2,11.5,6,7,1,0,1,West Indies,1st-T20I,1st,1375850
Andre Russell,4.0,0,42,3,10.5,7,3,3,0,0,West Indies,1st-T20I,1st,1375850
Romario Shepherd,4.0,0,38,1,9.5,7,2,2,3,0,West Indies,1st-T20I,1st,1375850
Rovman Powell,1.0,0,6,0,6.0,1,0,0,0,0,West Indies,1st-T20I,1st,1375850
Jason Behrendorff,3.0,0,38,1,12.66,5,6,1,1,0,Australia,1st-T20I,1st,1375850
Josh Hazlewood,4.0,0,44,0,11.0,8,5,2,1,0,Australia,1st-T20I,1st,1375850
Glenn Maxwell,2.0,0,31,1,15.5,3,2,3,0,1,Australia,1st-T20I,1st,1375850
Sean Abbott,4.0,0,41,1,10.25,7,3,2,2,0,Australia,1st-T20I,1st,1375850
Adam Zampa,4.0,0,26,3,6.5,9,2,1,0,0,Australia,1st-T20I,1st,1375850
Marcus Stoinis,3.0,0,20,2,6.66,6,2,0,1,0,Australia,1st-T20I,1st,1375850
Sharwan Godara,4.0,0,18,2,4.5,16,1,0,4,0,Cambodia,2nd-semi-final,1st,1418195
Gulam Murtaza,4.0,0,23,2,5.75,12,3,0,2,0,Cambodia,2nd-semi-final,1st,1418195
Luqman Butt,3.0,0,16,0,5.33,11,3,0,0,0,Cambodia,2nd-semi-final,1st,1418195
Utkarsh Jain,4.0,0,20,2,5.0,11,2,0,0,0,Cambodia,2nd-semi-final,1st,1418195
Ram Sharan,4.0,1,14,3,3.5,14,1,0,0,0,Cambodia,2nd-semi-final,1st,1418195
Salvin Stanly,1.0,0,10,0,10.0,2,0,1,1,0,Cambodia,2nd-semi-final,1st,1418195
Ramesh Kalimuthu,3.0,0,17,2,5.66,9,2,0,2,0,Singapore,2nd-semi-final,1st,1418195
Sachin Banamali,2.5,0,33,0,11.64,6,3,2,1,0,Singapore,2nd-semi-final,1st,1418195
Anish Paraam,3.0,0,27,1,9.0,8,4,1,0,0,Singapore,2nd-semi-final,1st,1418195
Harsha Bharadwaj,4.0,0,18,1,4.5,13,2,0,0,0,Singapore,2nd-semi-final,1st,1418195
Akshay Puri,2.0,0,17,0,8.5,5,0,2,0,0,Singapore,2nd-semi-final,1st,1418195
Ishtiaq Ahmad,4.0,1,15,3,3.75,16,2,0,0,0,Saudi Arabia,1st-semi-final,1st,1418194
Atif-Ur-Rehman,4.0,1,22,0,5.5,13,2,0,1,0,Saudi Arabia,1st-semi-final,1st,1418194
Usman Najeeb,4.0,0,13,3,3.25,14,0,0,0,0,Saudi Arabia,1st-semi-final,1st,1418194
Hisham Shaikh,4.0,0,23,1,5.75,10,3,0,0,0,Saudi Arabia,1st-semi-final,1st,1418194
Waji Ul Hassan,2.0,0,10,0,5.0,5,1,0,0,0,Saudi Arabia,1st-semi-final,1st,1418194
Abdul Waheed,1.0,0,10,1,10.0,2,2,0,0,0,Saudi Arabia,1st-semi-final,1st,1418194
Usman Khalid,1.0,0,1,0,1.0,5,0,0,0,0,Saudi Arabia,1st-semi-final,1st,1418194
Charles Hinze,2.0,0,13,0,6.5,7,1,1,0,0,Japan,1st-semi-final,1st,1418194
Piyush Kumbhare,2.0,0,15,0,7.5,6,3,0,0,0,Japan,1st-semi-final,1st,1418194
Reo Sakurano-Thomas,1.0,0,16,0,16.0,1,2,1,0,0,Japan,1st-semi-final,1st,1418194
Ryan Drake,2.0,0,33,0,16.5,3,4,2,2,0,Japan,1st-semi-final,1st,1418194
Sabaorish Ravichandran,1.0,0,14,0,14.0,3,2,1,0,0,Japan,1st-semi-final,1st,1418194
Ibrahim Takahashi,1.0,0,7,0,7.0,3,1,0,1,0,Japan,1st-semi-final,1st,1418194
Ayush Shukla,8.0,1,56,0,7.0,30,7,3,2,0,Hong Kong,3rd-ODI,1st,1418538
Ehsan Nawaz,6.0,0,44,1,7.33,12,1,3,0,0,Hong Kong,3rd-ODI,1st,1418538
Yasim Murtaza,9.0,1,15,1,1.66,39,0,0,0,0,Hong Kong,3rd-ODI,1st,1418538
Nasrulla Rana,8.0,1,64,0,8.0,20,3,4,1,1,Hong Kong,3rd-ODI,1st,1418538
Dan Pascoe,6.0,0,29,2,4.83,14,2,0,0,0,Hong Kong,3rd-ODI,1st,1418538
Aizaz Khan,2.0,0,16,1,8.0,3,2,0,1,0,Hong Kong,3rd-ODI,1st,1418538
Syed Aziz,6.0,0,36,1,6.0,20,6,0,2,0,Malaysia,3rd-ODI,1st,1418538
Vijay Unni,8.0,0,61,1,7.62,15,6,2,0,0,Malaysia,3rd-ODI,1st,1418538
Muhammad Wafiq,8.0,0,66,4,8.25,20,7,3,0,0,Malaysia,3rd-ODI,1st,1418538
Virandeep Singh,8.0,0,43,2,5.37,21,2,2,0,0,Malaysia,3rd-ODI,1st,1418538
Khizar Hayat,8.0,0,46,0,5.75,23,3,2,0,0,Malaysia,3rd-ODI,1st,1418538
Muhammad Amir,1.0,0,7,0,7.0,2,1,0,0,0,Malaysia,3rd-ODI,1st,1418538
Shermon Lewis,8.0,4,30,1,3.75,0,0,0,0,0,Windward Islands,1st-Match,1st,1419859
Darius Martin,10.0,2,27,0,2.7,0,0,0,1,1,Windward Islands,1st-Match,1st,1419859
Ryan John,13.0,0,43,5,3.3,0,0,0,1,0,Windward Islands,1st-Match,1st,1419859
Shamar Springer,10.0,2,53,3,5.3,0,0,0,1,0,Windward Islands,1st-Match,1st,1419859
Marquino Mindley,22.2,2,60,2,2.68,0,0,0,0,4,Jamaica,1st-Match,1st,1419859
Gordon Bryan,23.0,4,64,4,2.78,0,0,0,0,0,Jamaica,1st-Match,1st,1419859
Derval Green,11.0,1,54,0,4.9,0,0,0,0,0,Jamaica,1st-Match,1st,1419859
Abhijai Mansingh,13.0,0,70,1,5.38,0,0,0,0,0,Jamaica,1st-Match,1st,1419859
Pete Salmon,31.0,11,78,3,2.51,0,0,0,0,1,Jamaica,1st-Match,1st,1419859
Jermaine Blackwood,2.0,1,1,0,0.5,0,0,0,0,0,Jamaica,1st-Match,1st,1419859
Nkrumah Bonner,3.0,0,10,0,3.33,0,0,0,0,0,Jamaica,1st-Match,1st,1419859
Shermon Lewis,4.0,0,25,0,6.25,0,0,0,0,1,Windward Islands,1st-Match,2nd,1419859
Darius Martin,16.0,1,85,4,5.31,0,0,0,2,4,Windward Islands,1st-Match,2nd,1419859
Ryan John,9.0,2,21,1,2.33,0,0,0,0,1,Windward Islands,1st-Match,2nd,1419859
Shamar Springer,16.4,2,30,2,1.8,0,0,0,0,0,Windward Islands,1st-Match,2nd,1419859
Kenneth Dember,22.0,5,53,2,2.4,0,0,0,0,0,Windward Islands,1st-Match,2nd,1419859
Shadrack Descarte,6.0,2,12,1,2.0,0,0,0,0,0,Windward Islands,1st-Match,2nd,1419859
Marquino Mindley,5.0,2,13,1,2.6,0,0,0,0,0,Jamaica,1st-Match,2nd,1419859
Gordon Bryan,4.0,1,21,0,5.25,0,0,0,0,0,Jamaica,1st-Match,2nd,1419859
Derval Green,4.0,1,17,0,4.25,0,0,0,0,0,Jamaica,1st-Match,2nd,1419859
Pete Salmon,3.0,1,4,0,1.33,0,0,0,0,0,Jamaica,1st-Match,2nd,1419859
Moeen Ali,1.0,0,9,0,9.0,3,2,0,0,0,Joburg Super Kings,2-Qualifier,1st,1392684
Sam Cook,4.0,0,58,1,14.5,7,6,4,0,0,Joburg Super Kings,2-Qualifier,1st,1392684
Nandre Burger,4.0,0,27,2,6.75,10,4,0,0,0,Joburg Super Kings,2-Qualifier,1st,1392684
Doug Bracewell,4.0,0,33,2,8.25,8,1,2,1,0,Joburg Super Kings,2-Qualifier,1st,1392684
Dayyaan Galiem,4.0,0,38,1,9.5,5,5,0,0,0,Joburg Super Kings,2-Qualifier,1st,1392684
Imran Tahir,3.0,0,45,0,15.0,2,3,4,0,0,Joburg Super Kings,2-Qualifier,1st,1392684
Reece Topley,3.0,0,24,1,8.0,8,4,0,0,0,Durban's Super Giants,2-Qualifier,1st,1392684
Naveen-ul-Haq,4.0,0,27,2,6.75,13,3,1,1,0,Durban's Super Giants,2-Qualifier,1st,1392684
Wiaan Mulder,3.0,0,16,1,5.33,11,3,0,0,0,Durban's Super Giants,2-Qualifier,1st,1392684
Junior Dala,3.4,0,38,4,10.36,10,3,2,5,0,Durban's Super Giants,2-Qualifier,1st,1392684
Keshav Maharaj,2.0,0,19,0,9.5,3,1,1,1,0,Durban's Super Giants,2-Qualifier,1st,1392684
Dwaine Pretorius,2.0,0,17,2,8.5,5,2,0,3,0,Durban's Super Giants,2-Qualifier,1st,1392684
Trent Boult,4.0,0,43,0,10.75,8,5,2,0,0,MI Emirates,26th-Match,1st,1406914
Muhammad Rohid,1.0,0,14,0,14.0,3,2,1,0,0,MI Emirates,26th-Match,1st,1406914
Jordan Thompson,4.0,0,31,0,7.75,8,4,0,1,0,MI Emirates,26th-Match,1st,1406914
Vijayakanth Viyaskanth,4.0,0,18,1,4.5,8,0,0,0,0,MI Emirates,26th-Match,1st,1406914
Waqar Salamkheil,4.0,0,19,3,4.75,11,2,0,0,0,MI Emirates,26th-Match,1st,1406914
Odean Smith,2.0,0,21,1,10.5,3,2,1,0,0,MI Emirates,26th-Match,1st,1406914
Dan Mousley,1.0,0,6,1,6.0,1,0,0,0,0,MI Emirates,26th-Match,1st,1406914
Dominic Drakes,2.0,0,8,0,4.0,5,0,0,0,0,Gulf Giants,26th-Match,1st,1406914
Gerhard Erasmus,4.0,0,23,1,5.75,7,2,0,0,0,Gulf Giants,26th-Match,1st,1406914
Blessing Muzarabani,3.0,0,27,1,9.0,5,3,0,2,0,Gulf Giants,26th-Match,1st,1406914
Jamie Overton,4.0,0,41,1,10.25,9,5,2,0,0,Gulf Giants,26th-Match,1st,1406914
Chris Jordan,3.0,0,21,2,7.0,5,2,0,1,0,Gulf Giants,26th-Match,1st,1406914
Aayan Afzal Khan,2.0,0,10,1,5.0,5,1,0,0,0,Gulf Giants,26th-Match,1st,1406914
Zuhaib Zubair,2.0,0,21,0,10.5,4,1,1,1,0,Gulf Giants,26th-Match,1st,1406914
Mahli Beardman,10.0,0,38,1,3.8,39,3,0,2,0,Australia Under-19s,2nd-Semi-Final,1st,1399763
Callum Vidler,9.0,0,43,1,4.77,39,6,0,8,1,Australia Under-19s,2nd-Semi-Final,1st,1399763
Tom Straker,9.5,1,24,6,2.44,46,3,0,2,0,Australia Under-19s,2nd-Semi-Final,1st,1399763
Raf MacMillan,10.0,1,29,1,2.9,39,2,0,1,0,Australia Under-19s,2nd-Semi-Final,1st,1399763
Harjas Singh,4.0,0,16,0,4.0,12,1,0,0,0,Australia Under-19s,2nd-Semi-Final,1st,1399763
Tom Campbell,6.0,0,23,1,3.83,19,2,0,0,0,Australia Under-19s,2nd-Semi-Final,1st,1399763
Ubaid Shah,10.0,0,44,1,4.4,34,4,0,2,0,Pakistan Under-19s,2nd-Semi-Final,1st,1399763
Mohammad Zeeshan,6.1,0,40,0,6.48,17,6,0,1,0,Pakistan Under-19s,2nd-Semi-Final,1st,1399763
Naveed Ahmed Khan,10.0,0,25,1,2.5,39,1,0,0,0,Pakistan Under-19s,2nd-Semi-Final,1st,1399763
Ali Raza,10.0,2,34,4,3.4,39,2,0,2,2,Pakistan Under-19s,2nd-Semi-Final,1st,1399763
Ahmad Hassan,2.0,0,8,0,4.0,6,0,0,0,0,Pakistan Under-19s,2nd-Semi-Final,1st,1399763
Haroon Arshad,1.0,0,7,0,7.0,2,1,0,0,0,Pakistan Under-19s,2nd-Semi-Final,1st,1399763
Arafat Minhas,10.0,1,20,2,2.0,41,0,0,0,0,Pakistan Under-19s,2nd-Semi-Final,1st,1399763
Dillon Heyliger,10.0,0,66,0,6.6,30,6,2,4,0,Canada,1st-ODI,1st,1420220
Saad Bin Zafar,10.0,0,44,2,4.4,40,3,2,3,0,Canada,1st-ODI,1st,1420220
Uday Bhagwan,8.0,1,40,3,5.0,28,6,0,1,0,Canada,1st-ODI,1st,1420220
Ishwarjot Sohi,8.0,0,30,2,3.75,28,2,0,0,1,Canada,1st-ODI,1st,1420220
Shahid Ahmadzai,8.0,2,26,1,3.25,30,2,0,1,0,Canada,1st-ODI,1st,1420220
Harsh Thaker,6.0,0,15,1,2.5,22,0,0,1,0,Canada,1st-ODI,1st,1420220
Lalit Rajbanshi,8.0,0,41,2,5.12,22,3,1,0,0,Nepal,1st-ODI,1st,1420220
Sompal Kami,7.0,0,40,1,5.71,27,7,0,2,1,Nepal,1st-ODI,1st,1420220
Rijan Dhakal,7.0,0,34,1,4.85,26,5,0,2,0,Nepal,1st-ODI,1st,1420220
Pawan Sarraf,9.0,1,40,1,4.44,32,5,0,1,0,Nepal,1st-ODI,1st,1420220
Surya Tamang,5.0,0,32,0,6.4,18,4,0,2,0,Nepal,1st-ODI,1st,1420220
Rohit Paudel,8.5,2,22,4,2.49,36,1,0,1,0,Nepal,1st-ODI,1st,1420220
Kushal Malla,3.0,0,6,1,2.0,13,0,0,1,0,Nepal,1st-ODI,1st,1420220
Riley Meredith,7.0,0,25,2,3.57,31,3,0,1,0,Tasmania,18th-Match,1st,1391818
Iain Carlisle,8.0,0,39,3,4.87,27,3,0,1,0,Tasmania,18th-Match,1st,1391818
Tom Rogers,6.0,0,18,1,3.0,22,1,0,1,0,Tasmania,18th-Match,1st,1391818
Beau Webster,5.0,0,16,2,3.2,18,1,0,0,0,Tasmania,18th-Match,1st,1391818
Patrick Dooley,9.3,0,42,2,4.42,26,2,0,0,0,Tasmania,18th-Match,1st,1391818
Mark Steketee,8.0,0,50,1,6.25,29,4,2,3,1,Queensland,18th-Match,1st,1391818
Jack Wildermuth,4.0,0,36,1,9.0,12,4,1,1,1,Queensland,18th-Match,1st,1391818
Gurinder Sandhu,8.0,3,28,1,3.5,36,5,0,0,0,Queensland,18th-Match,1st,1391818
Liam Guthrie,4.0,1,15,1,3.75,14,1,0,0,0,Queensland,18th-Match,1st,1391818
Matthew Kuhnemann,3.0,0,24,1,8.0,10,3,1,0,0,Queensland,18th-Match,1st,1391818
Peter Siddle,10.0,0,56,2,5.6,34,6,0,3,0,Victoria,17th-Match,1st,1391817
Fergus O'Neill,10.0,0,38,3,3.8,37,4,0,1,0,Victoria,17th-Match,1st,1391817
Sam Elliott,10.0,0,51,2,5.1,37,8,0,2,0,Victoria,17th-Match,1st,1391817
Will Sutherland,10.0,0,38,1,3.8,36,4,0,2,0,Victoria,17th-Match,1st,1391817
Todd Murphy,10.0,0,40,1,4.0,23,0,0,2,0,Victoria,17th-Match,1st,1391817
Harry Conway,10.0,1,45,2,4.5,36,6,0,0,0,South Australia,17th-Match,1st,1391817
Jordan Buckingham,10.0,1,36,3,3.6,42,4,0,1,0,South Australia,17th-Match,1st,1391817
Henry Thornton,10.0,1,49,2,4.9,35,2,2,3,0,South Australia,17th-Match,1st,1391817
Ben Manenti,6.0,0,31,0,5.16,19,3,1,0,0,South Australia,17th-Match,1st,1391817
Lloyd Pope,8.1,0,71,0,8.69,17,5,4,1,0,South Australia,17th-Match,1st,1391817
Syazrul Idrus,6.0,0,75,0,12.5,9,10,2,4,0,Malaysia,2nd-ODI,1st,1418537
Syed Aziz,5.0,0,20,1,4.0,17,1,0,2,0,Malaysia,2nd-ODI,1st,1418537
Muhammad Wafiq,7.0,0,42,3,6.0,17,4,0,1,0,Malaysia,2nd-ODI,1st,1418537
Khizar Hayat,7.0,0,48,2,6.85,16,5,1,0,0,Malaysia,2nd-ODI,1st,1418537
Virandeep Singh,7.0,0,44,2,6.28,17,2,2,0,0,Malaysia,2nd-ODI,1st,1418537
Sharvin Muniandy,2.0,0,21,0,10.5,2,2,1,0,0,Malaysia,2nd-ODI,1st,1418537
Ayush Shukla,4.0,0,19,1,4.75,15,1,1,0,0,Hong Kong,2nd-ODI,1st,1418537
Sheryar Khan,5.0,0,14,0,2.8,24,1,0,5,0,Hong Kong,2nd-ODI,1st,1418537
Nasrulla Rana,3.0,0,17,2,5.66,11,3,0,1,0,Hong Kong,2nd-ODI,1st,1418537
Yasim Murtaza,6.0,0,26,5,4.33,21,3,0,0,0,Hong Kong,2nd-ODI,1st,1418537
Dan Pascoe,6.0,0,16,1,2.66,25,1,0,0,0,Hong Kong,2nd-ODI,1st,1418537
Aizaz Khan,1.0,0,9,0,9.0,3,2,0,0,0,Hong Kong,2nd-ODI,1st,1418537
Babar Hayat,1.0,0,12,1,12.0,3,3,0,0,0,Hong Kong,2nd-ODI,1st,1418537
